Plant_ID,Date,Temperature (Â°C),Humidity (%),TDS Value (ppm),pH Level,Growth Days
19,9/10/2023,31.1,64,588,6.2,39
58,8/15/2023,23.6,53,581,6.5,13
18,9/5/2023,32.0,60,730,6.5,34
56,8/7/2023,24.2,54,420,6.8,5
56,9/10/2023,23.6,71,569,6.2,39
50,8/26/2023,31.4,58,447,6.3,24
20,9/3/2023,31.7,54,748,6.4,32
68,8/26/2023,22.9,58,702,6.5,24
24,8/11/2023,30.2,70,766,6.0,9
14,9/14/2023,29.1,61,764,6.4,43
45,8/20/2023,30.9,73,675,6.5,18
43,9/10/2023,31.1,55,403,6.4,39
36,9/13/2023,30.4,74,733,6.7,42
52,8/19/2023,21.0,72,754,6.8,17
26,8/12/2023,30.2,50,628,6.5,10
59,8/6/2023,19.5,74,571,6.1,4
24,8/29/2023,29.1,68,748,6.6,27
5,9/8/2023,29.8,65,645,6.3,37
12,9/10/2023,31.1,73,435,6.3,39
30,9/16/2023,31.5,55,628,6.3,45
51,8/12/2023,30.2,80,497,6.4,10
47,8/24/2023,31.3,56,736,6.1,22
52,9/4/2023,21.0,67,619,6.4,33
65,8/10/2023,22.7,55,711,6.5,8
35,9/2/2023,31.7,65,473,6.8,31
63,9/10/2023,21.6,77,677,6.8,39
41,8/23/2023,30.8,53,548,6.1,21
55,8/5/2023,22.9,80,451,6.5,3
18,8/3/2023,33.4,78,623,6.2,1
59,9/1/2023,19.1,50,490,6.5,30
6,9/14/2023,29.1,68,789,6.2,43
12,8/19/2023,30.8,62,742,6.7,17
12,8/20/2023,30.9,70,628,6.7,18
38,9/4/2023,31.7,65,527,6.6,33
58,9/3/2023,21.0,58,641,6.6,32
24,8/9/2023,22.7,64,683,6.2,7
8,8/31/2023,29.2,55,483,6.4,29
23,9/8/2023,29.8,64,640,6.6,37
48,9/6/2023,32.1,71,556,6.1,35
55,8/12/2023,20.7,53,597,6.6,10
15,8/14/2023,30.1,55,770,6.1,12
34,8/8/2023,32.3,63,434,6.3,6
61,8/26/2023,23.4,54,522,6.6,24
64,8/18/2023,22.3,60,433,6.2,16
49,9/9/2023,20.1,57,781,6.2,38
27,8/17/2023,29.6,56,676,6.6,15
45,8/29/2023,28.7,63,517,6.3,27
4,9/3/2023,31.7,69,546,6.3,32
59,8/25/2023,20.9,75,434,6.7,23
50,8/6/2023,33.4,61,578,6.1,4
19,9/8/2023,29.8,53,553,6.6,37
38,9/1/2023,31.7,58,474,6.7,30
55,9/8/2023,19.6,66,458,6.5,37
56,8/11/2023,24.8,50,683,6.0,9
35,9/13/2023,30.4,70,627,6.8,42
23,8/5/2023,33.4,76,473,6.2,3
31,9/3/2023,31.7,60,628,6.1,32
62,8/18/2023,20.8,56,436,6.7,16
5,9/6/2023,32.1,72,605,6.2,35
9,8/3/2023,33.4,72,693,6.4,1
59,9/16/2023,19.3,74,422,6.2,45
66,9/16/2023,20.0,55,648,6.5,45
54,8/17/2023,19.4,75,452,6.0,15
66,8/16/2023,18.9,66,494,6.6,14
52,8/13/2023,21.2,51,520,6.4,11
8,9/1/2023,31.7,61,775,6.6,30
48,8/31/2023,29.2,60,569,6.7,29
36,8/9/2023,32.3,76,748,6.8,7
23,8/24/2023,31.3,72,737,6.8,22
11,9/4/2023,31.7,76,452,6.3,33
67,9/10/2023,21.1,73,702,6.2,39
56,8/19/2023,22.3,69,457,6.5,17
11,9/12/2023,31.2,66,402,6.6,41
62,8/26/2023,23.3,62,771,6.5,24
5,8/28/2023,29.4,67,470,6.4,26
25,8/21/2023,30.2,69,719,6.4,19
68,8/5/2023,18.1,75,655,6.5,3
15,8/13/2023,30.1,77,509,6.0,11
5,9/14/2023,29.1,58,576,6.2,43
8,9/15/2023,30.6,50,632,6.2,44
22,8/25/2023,31.4,68,609,6.1,23
7,8/4/2023,33.5,78,598,6.3,2
47,9/3/2023,31.7,75,409,6.2,32
42,8/14/2023,30.1,58,594,6.2,12
50,9/7/2023,31.5,63,798,6.2,36
24,9/9/2023,31.1,71,756,6.1,38
39,8/21/2023,30.2,52,462,6.5,19
9,9/12/2023,31.2,80,793,6.6,41
54,9/4/2023,19.4,77,486,6.3,33
24,8/8/2023,32.3,50,782,6.5,6
55,8/31/2023,18.5,54,596,6.0,29
20,8/6/2023,33.4,66,729,6.7,4
33,8/28/2023,29.4,50,624,6.0,26
57,8/11/2023,18.2,65,798,6.4,9
40,8/22/2023,30.5,56,732,6.8,20
1,8/10/2023,22.7,63,576,6.3,8
62,8/9/2023,19.0,72,751,6.2,7
57,9/12/2023,21.2,56,595,6.3,41
58,8/9/2023,19.5,63,704,6.7,7
10,8/5/2023,33.4,76,679,6.1,3
54,9/13/2023,18.6,57,443,6.3,42
28,9/16/2023,31.5,74,418,6.5,45
25,9/4/2023,31.7,60,551,6.3,33
20,8/24/2023,31.3,77,405,6.4,22
5,8/17/2023,29.6,65,525,6.3,15
25,8/8/2023,32.3,75,603,6.4,6
28,9/8/2023,29.8,74,434,6.2,37
7,8/11/2023,31.9,68,763,6.5,9
6,8/4/2023,33.5,77,738,6.5,2
55,9/4/2023,19.8,63,795,6.7,33
25,8/5/2023,33.4,77,558,6.5,3
3,8/9/2023,32.3,80,691,6.2,7
43,8/15/2023,30.1,56,408,6.4,13
60,9/16/2023,23.5,73,507,6.2,45
35,8/26/2023,31.4,57,466,6.4,24
20,8/4/2023,33.5,73,597,6.7,2
58,8/5/2023,20.5,50,471,6.6,3
63,8/29/2023,19.2,53,767,6.6,27
67,9/9/2023,24.6,76,657,6.2,38
63,9/15/2023,23.5,53,560,6.6,44
35,9/14/2023,29.1,53,757,6.1,43
35,8/14/2023,30.1,69,796,6.7,12
3,8/17/2023,29.6,53,671,6.6,15
53,8/13/2023,19.4,57,583,6.3,11
26,9/14/2023,29.1,71,734,6.4,43
17,9/2/2023,31.7,65,406,6.1,31
37,9/15/2023,30.6,80,659,6.7,44
63,8/14/2023,23.5,67,518,6.6,12
51,9/15/2023,30.6,69,740,6.4,44
60,8/6/2023,23.6,79,574,6.4,4
58,8/16/2023,24.6,58,494,6.0,14
17,8/16/2023,29.8,58,543,6.2,14
5,9/13/2023,30.4,60,529,6.1,42
31,9/5/2023,32.0,66,411,6.7,34
57,9/16/2023,21.6,59,773,6.1,45
19,8/22/2023,30.5,77,745,6.2,20
69,9/12/2023,22.5,51,688,6.7,41
67,8/19/2023,18.9,69,729,6.4,17
40,8/20/2023,30.9,57,769,6.6,18
66,9/8/2023,18.3,50,670,6.2,37
18,9/3/2023,31.7,64,740,6.1,32
26,8/17/2023,29.6,71,773,6.2,15
39,8/12/2023,30.2,71,769,6.6,10
18,9/13/2023,30.4,59,501,6.0,42
27,9/12/2023,31.2,71,539,6.5,41
57,8/19/2023,20.0,80,423,6.5,17
32,9/13/2023,30.4,78,465,6.6,42
70,8/4/2023,23.8,77,617,6.7,2
40,9/6/2023,32.1,56,518,6.1,35
11,8/9/2023,32.3,69,529,6.3,7
50,9/12/2023,31.2,54,690,6.3,41
22,9/6/2023,32.1,67,473,6.7,35
35,8/17/2023,29.6,55,754,6.4,15
32,9/7/2023,31.5,67,586,6.2,36
28,8/11/2023,31.9,74,511,6.4,9
32,8/19/2023,30.8,60,738,6.1,17
47,8/28/2023,29.4,51,647,6.6,26
24,9/3/2023,31.7,76,465,6.6,32
5,8/30/2023,29.1,75,516,6.5,28
1,8/15/2023,30.1,78,480,6.0,13
68,9/6/2023,19.5,77,468,6.6,35
10,8/12/2023,30.2,60,800,6.7,10
51,8/9/2023,32.3,65,543,6.3,7
42,8/28/2023,29.4,60,710,6.2,26
32,9/12/2023,31.2,67,768,6.7,41
33,8/26/2023,31.4,80,600,6.6,24
17,8/13/2023,30.1,51,798,6.5,11
62,8/31/2023,18.9,68,585,6.1,29
51,9/7/2023,31.5,72,577,6.6,36
35,8/15/2023,30.1,56,495,6.5,13
44,8/7/2023,33.4,59,768,6.8,5
32,9/16/2023,31.5,78,695,6.4,45
70,8/13/2023,20.0,50,556,6.5,11
12,8/7/2023,33.4,71,640,6.3,5
15,8/7/2023,33.4,73,767,6.4,5
14,8/5/2023,33.4,59,498,6.3,3
67,8/16/2023,20.3,58,572,6.3,14
62,9/13/2023,20.4,66,690,6.7,42
49,8/24/2023,31.3,80,588,6.0,22
68,8/13/2023,20.8,54,760,6.0,11
62,9/4/2023,24.3,51,454,6.1,33
12,8/16/2023,29.8,78,710,6.6,14
31,8/16/2023,29.8,58,521,6.2,14
28,8/17/2023,29.6,65,571,6.7,15
13,8/26/2023,31.4,73,626,6.5,24
69,8/18/2023,24.8,53,496,6.6,16
64,8/31/2023,21.2,62,607,6.7,29
35,8/24/2023,31.3,76,411,6.3,22
47,9/11/2023,31.2,72,725,6.5,40
35,9/8/2023,29.8,75,544,6.7,37
50,8/13/2023,30.1,77,798,6.7,11
36,8/26/2023,31.4,77,602,6.8,24
3,9/5/2023,32.0,72,741,6.8,34
30,8/12/2023,30.2,60,449,6.4,10
47,8/11/2023,31.9,79,473,6.3,9
5,9/7/2023,31.5,70,768,6.8,36
18,9/15/2023,30.6,51,491,6.5,44
68,9/10/2023,18.2,58,736,6.4,39
8,9/8/2023,29.8,75,484,6.2,37
26,8/23/2023,30.8,57,409,6.6,21
62,9/1/2023,18.5,53,427,6.3,30
45,8/26/2023,31.4,69,663,6.6,24
41,8/11/2023,31.9,62,603,6.6,9
38,9/16/2023,31.5,67,742,6.7,45
6,9/1/2023,31.7,77,512,6.5,30
65,9/4/2023,22.1,61,538,6.1,33
54,9/2/2023,20.8,53,574,6.0,31
67,8/11/2023,18.9,58,656,6.7,9
56,9/11/2023,23.6,52,693,6.5,40
63,8/15/2023,21.6,74,798,6.2,13
63,9/5/2023,22.1,51,578,6.5,34
59,9/3/2023,24.8,69,611,6.0,32
46,9/12/2023,31.2,80,795,6.3,41
57,9/10/2023,23.6,50,672,6.8,39
67,8/29/2023,23.9,61,543,6.2,27
64,8/22/2023,18.6,57,552,6.1,20
55,8/22/2023,24.7,56,701,6.7,20
10,9/15/2023,30.6,78,578,6.3,44
11,8/7/2023,33.4,55,431,6.2,5
53,8/7/2023,18.4,57,767,6.0,5
45,8/30/2023,29.1,50,432,6.2,28
38,8/17/2023,29.6,72,590,6.6,15
32,8/28/2023,29.4,54,655,6.3,26
9,8/17/2023,29.6,63,613,6.7,15
66,8/17/2023,23.2,57,440,6.3,15
48,8/7/2023,33.4,63,723,6.4,5
41,9/9/2023,20.1,63,402,6.1,38
19,9/15/2023,30.6,73,536,6.5,44
53,8/20/2023,20.3,72,660,6.8,18
23,8/19/2023,30.8,71,697,6.7,17
51,8/5/2023,33.4,59,705,6.0,3
47,9/7/2023,31.5,80,653,6.0,36
2,8/17/2023,29.6,50,487,6.7,15
41,8/13/2023,30.1,80,640,6.2,11
64,8/25/2023,20.8,80,634,6.7,23
65,9/1/2023,21.8,51,717,6.5,30
70,9/17/2023,22.6,69,521,6.5,46
44,8/13/2023,30.1,61,799,6.1,11
56,8/9/2023,23.8,65,538,6.5,7
54,8/29/2023,19.0,59,677,6.5,27
23,9/12/2023,31.2,53,515,6.0,41
15,8/20/2023,30.9,53,513,6.5,18
54,8/27/2023,19.6,75,651,6.7,25
19,8/27/2023,30.1,68,606,6.0,25
12,9/9/2023,20.1,58,752,6.2,38
56,9/6/2023,22.8,79,503,6.4,35
32,8/18/2023,30.9,71,714,6.5,16
64,9/13/2023,18.2,73,471,6.6,42
50,8/31/2023,29.2,72,455,6.2,29
41,9/4/2023,31.7,52,472,6.0,33
21,9/6/2023,32.1,62,538,6.2,35
57,8/27/2023,22.0,78,702,6.1,25
60,9/7/2023,20.9,77,568,6.7,36
51,9/14/2023,29.1,55,482,6.5,43
46,9/1/2023,31.7,55,472,6.6,30
68,8/27/2023,23.6,57,629,6.1,25
43,8/13/2023,30.1,68,579,6.2,11
53,8/27/2023,22.3,79,445,6.8,25
57,8/26/2023,23.3,60,690,6.5,24
44,9/4/2023,31.7,72,786,6.0,33
24,8/31/2023,31.7,75,634,6.6,29
10,8/25/2023,31.4,79,725,6.2,23
23,9/3/2023,31.7,66,538,6.3,32
6,8/10/2023,22.7,74,740,6.6,8
45,9/13/2023,30.4,51,470,6.6,42
25,9/13/2023,30.4,73,514,6.0,42
3,8/22/2023,30.5,80,726,6.6,20
46,9/15/2023,30.6,63,550,6.4,44
18,8/8/2023,32.3,58,556,6.5,6
49,8/8/2023,32.3,53,793,6.4,6
4,8/29/2023,28.7,73,558,6.5,27
7,8/16/2023,29.8,53,778,6.1,14
53,8/21/2023,23.8,65,455,6.8,19
6,8/25/2023,31.4,73,614,6.7,23
52,9/1/2023,23.7,59,746,6.5,30
61,8/28/2023,19.8,51,653,6.6,26
40,8/12/2023,30.2,66,494,6.4,10
17,9/8/2023,29.8,78,732,6.5,37
18,8/14/2023,30.1,67,769,6.4,12
33,8/13/2023,30.1,70,424,6.8,11
49,9/10/2023,31.1,77,714,6.0,39
29,8/20/2023,30.9,75,478,6.5,18
47,9/1/2023,31.7,66,676,6.5,30
25,9/3/2023,31.7,75,414,6.5,32
35,9/6/2023,32.1,63,696,6.7,35
55,8/30/2023,20.8,59,447,6.3,28
46,8/29/2023,28.7,58,404,6.2,27
24,8/3/2023,33.5,76,534,6.3,1
45,9/10/2023,31.1,64,578,6.0,39
58,9/16/2023,23.3,50,704,6.3,45
19,8/29/2023,28.7,76,498,6.2,27
23,9/5/2023,32.0,71,560,6.7,34
57,8/4/2023,20.6,65,732,6.6,2
11,8/6/2023,33.4,50,734,6.4,4
23,8/13/2023,30.1,55,631,6.4,11
36,9/11/2023,31.2,65,722,6.1,40
4,8/23/2023,30.8,58,735,6.4,21
18,8/29/2023,28.7,59,699,6.8,27
64,9/2/2023,24.2,80,688,6.5,31
41,8/20/2023,30.9,50,792,6.7,18
15,9/9/2023,20.1,50,556,6.0,38
42,9/13/2023,30.4,62,506,6.5,42
23,9/13/2023,30.4,69,665,6.4,42
6,8/11/2023,31.9,73,760,6.3,9
34,8/23/2023,30.8,58,654,6.1,21
28,8/13/2023,30.1,64,669,6.2,11
6,8/16/2023,29.8,78,755,6.8,14
3,8/13/2023,30.1,55,745,6.1,11
7,9/12/2023,31.2,52,468,6.7,41
69,8/5/2023,22.0,55,631,6.0,3
60,9/13/2023,25.0,79,693,6.2,42
65,8/21/2023,18.4,63,564,6.4,19
40,9/3/2023,31.7,51,631,6.8,32
32,8/22/2023,30.5,78,641,6.4,20
6,9/3/2023,31.7,53,757,6.5,32
55,9/16/2023,23.0,53,670,6.6,45
46,9/13/2023,30.4,77,417,6.7,42
5,8/13/2023,30.1,79,429,6.2,11
45,8/15/2023,30.1,58,553,6.5,13
35,9/16/2023,31.5,78,469,6.2,45
44,8/16/2023,29.8,77,688,6.2,14
4,9/14/2023,29.1,62,530,6.8,43
19,8/16/2023,29.8,72,599,6.7,14
19,8/24/2023,31.3,69,637,6.7,22
62,8/24/2023,22.5,56,737,6.5,22
50,8/27/2023,30.1,63,702,6.2,25
53,9/5/2023,23.9,79,785,6.4,34
8,8/21/2023,30.2,79,742,6.7,19
27,8/16/2023,29.8,64,785,6.5,14
30,8/8/2023,32.3,57,620,6.2,6
17,8/20/2023,30.9,80,716,6.7,18
28,8/7/2023,33.4,68,598,6.1,5
15,8/25/2023,31.4,55,539,6.8,23
11,8/25/2023,31.4,75,539,6.5,23
18,8/30/2023,29.1,70,637,6.4,28
51,8/7/2023,33.4,68,594,6.2,5
24,8/20/2023,30.2,65,749,6.6,18
54,8/14/2023,19.8,66,465,6.4,12
57,9/11/2023,22.4,59,683,6.8,40
12,9/16/2023,31.5,72,735,6.0,45
33,9/11/2023,31.2,69,483,6.1,40
18,8/10/2023,22.7,53,653,6.0,8
64,8/14/2023,24.5,66,618,6.1,12
47,8/8/2023,32.3,76,564,6.2,6
17,8/14/2023,30.1,55,737,6.6,12
57,8/20/2023,24.5,72,627,6.1,18
36,8/30/2023,29.1,68,424,6.7,28
52,8/16/2023,18.4,78,710,6.3,14
22,8/12/2023,30.2,75,771,6.4,10
33,9/14/2023,29.1,78,642,6.7,43
23,9/7/2023,31.5,69,518,6.6,36
47,8/20/2023,30.9,70,651,6.0,18
23,8/12/2023,30.2,78,761,6.7,10
50,9/3/2023,31.7,54,450,6.0,32
49,8/15/2023,30.1,73,718,6.1,13
6,8/20/2023,30.9,56,568,6.2,18
20,8/8/2023,32.3,76,529,6.2,6
47,9/10/2023,31.1,57,716,6.2,39
52,8/29/2023,19.2,51,692,6.6,27
69,8/7/2023,21.0,64,531,6.3,5
64,8/26/2023,18.2,78,772,6.1,24
14,9/3/2023,31.7,63,710,6.3,32
8,8/28/2023,29.4,54,559,6.2,26
7,8/6/2023,33.4,58,583,6.1,4
45,8/24/2023,31.3,62,545,6.4,22
54,8/22/2023,18.2,54,550,6.1,20
15,8/18/2023,30.9,58,587,6.5,16
31,8/15/2023,30.1,57,554,6.1,13
22,8/26/2023,31.4,58,681,6.3,24
49,9/14/2023,29.1,79,417,6.8,43
20,9/13/2023,30.4,72,518,6.1,42
62,8/16/2023,20.3,52,797,6.6,14
61,8/21/2023,23.0,71,537,6.2,19
26,8/15/2023,30.1,54,607,6.8,13
21,8/3/2023,33.4,54,530,6.1,1
49,8/14/2023,30.1,68,488,6.3,12
14,9/9/2023,20.1,64,590,6.4,38
25,8/27/2023,30.1,57,448,6.1,25
10,9/4/2023,31.7,69,649,6.4,33
14,8/25/2023,31.4,65,645,6.3,23
50,8/18/2023,30.9,76,434,6.3,16
27,9/1/2023,31.7,55,660,6.4,30
27,8/27/2023,30.1,55,651,6.6,25
65,8/5/2023,24.3,70,580,6.7,3
40,8/7/2023,33.4,72,628,6.1,5
19,8/26/2023,31.4,78,576,6.5,24
60,8/30/2023,23.8,73,489,6.1,28
12,9/14/2023,29.1,51,423,6.5,43
45,8/14/2023,30.1,50,597,6.3,12
18,9/7/2023,31.5,75,493,6.2,36
24,8/27/2023,29.4,74,513,6.3,25
32,8/9/2023,32.3,57,557,6.2,7
8,9/3/2023,31.7,76,438,6.5,32
14,8/21/2023,30.2,66,409,6.4,19
24,8/17/2023,30.9,78,719,6.6,15
56,9/8/2023,18.5,75,777,6.1,37
44,9/3/2023,31.7,60,713,6.7,32
2,8/15/2023,30.1,75,646,6.3,13
33,9/3/2023,31.7,65,459,6.0,32
32,9/15/2023,30.6,73,517,6.8,44
59,8/7/2023,24.5,74,756,6.1,5
59,8/30/2023,23.8,53,688,6.1,28
43,9/15/2023,30.6,53,450,6.5,44
70,9/3/2023,21.4,62,467,6.6,32
44,9/8/2023,29.8,74,780,6.3,37
63,8/13/2023,20.9,53,463,6.4,11
30,8/16/2023,29.8,57,495,6.3,14
28,8/15/2023,30.1,56,421,6.6,13
13,8/13/2023,30.1,77,696,6.1,11
16,8/25/2023,31.4,68,682,6.2,23
24,8/13/2023,30.1,54,582,6.1,11
10,8/14/2023,30.1,62,552,6.8,12
15,8/10/2023,22.7,58,724,6.5,8
43,8/8/2023,32.3,80,654,6.3,6
45,9/11/2023,31.2,50,605,6.0,40
48,8/6/2023,33.4,70,571,6.0,4
25,8/13/2023,30.1,64,503,6.7,11
23,8/7/2023,33.4,61,627,6.4,5
14,8/28/2023,29.4,65,573,6.2,26
37,9/6/2023,32.1,76,536,6.8,35
13,8/6/2023,33.4,63,583,6.5,4
63,8/12/2023,19.5,78,732,6.2,10
35,9/10/2023,31.1,79,642,6.0,39
22,9/14/2023,29.1,60,492,6.7,43
44,8/4/2023,33.5,59,601,6.5,2
44,8/5/2023,33.4,74,510,6.4,3
65,8/7/2023,21.1,50,462,6.0,5
70,9/2/2023,22.7,65,566,6.3,31
53,8/31/2023,19.1,50,715,6.1,29
10,8/30/2023,29.1,59,704,6.5,28
12,8/6/2023,33.4,60,732,6.1,4
13,9/11/2023,31.2,71,589,6.7,40
49,8/25/2023,31.4,62,603,6.1,23
15,8/12/2023,30.2,54,743,6.1,10
37,9/11/2023,31.2,75,753,6.6,40
64,8/21/2023,23.2,74,616,6.2,19
30,8/20/2023,30.9,61,781,6.8,18
30,9/7/2023,31.5,74,457,6.3,36
42,8/13/2023,30.1,66,507,6.2,11
14,9/7/2023,31.5,57,642,6.4,36
32,8/17/2023,29.6,51,796,6.3,15
11,8/27/2023,30.1,76,489,6.3,25
39,9/14/2023,29.1,55,681,6.2,43
60,9/10/2023,20.5,62,660,6.6,39
28,8/10/2023,22.7,56,498,6.2,8
49,9/11/2023,31.2,70,758,6.6,40
46,8/24/2023,31.3,80,562,6.4,22
39,8/29/2023,28.7,68,480,6.8,27
19,9/7/2023,31.5,61,680,6.2,36
12,8/28/2023,29.4,63,682,6.5,26
65,9/7/2023,21.7,61,711,6.8,36
2,8/7/2023,33.4,50,488,6.4,5
19,9/9/2023,20.1,68,611,6.2,38
24,8/28/2023,28.7,77,718,6.2,26
16,9/6/2023,32.1,65,627,6.2,35
54,9/1/2023,19.4,50,555,6.5,30
40,8/27/2023,30.1,67,467,6.3,25
53,9/2/2023,24.7,53,534,6.2,31
33,8/19/2023,30.8,77,719,6.2,17
37,8/27/2023,30.1,71,743,6.6,25
50,9/11/2023,31.2,80,566,6.2,40
42,9/4/2023,31.7,57,632,6.8,33
53,8/16/2023,20.0,52,483,6.7,14
33,8/6/2023,33.4,75,604,6.4,4
31,9/12/2023,31.2,67,621,6.7,41
32,8/7/2023,33.4,78,688,6.8,5
67,8/9/2023,23.8,51,745,6.6,7
51,8/10/2023,22.7,68,683,6.3,8
62,8/21/2023,23.9,55,525,6.8,19
37,9/14/2023,29.1,50,476,6.5,43
7,8/25/2023,31.4,77,617,6.5,23
30,8/30/2023,29.1,53,692,6.3,28
30,9/5/2023,32.0,60,470,6.1,34
22,8/5/2023,33.4,50,602,6.0,3
30,8/24/2023,31.3,78,795,6.7,22
31,8/5/2023,33.4,70,555,6.1,3
39,8/10/2023,22.7,51,466,6.7,8
8,8/30/2023,29.1,72,630,6.4,28
32,8/3/2023,33.4,67,414,6.1,1
15,8/6/2023,33.4,63,782,6.7,4
29,8/14/2023,30.1,58,789,6.8,12
45,8/19/2023,30.8,50,705,6.2,17
15,9/1/2023,31.7,51,725,6.2,30
51,9/16/2023,31.5,72,575,6.2,45
40,8/16/2023,29.8,59,404,6.7,14
43,8/23/2023,30.8,72,447,6.7,21
68,9/2/2023,21.6,62,606,6.1,31
56,8/24/2023,22.7,53,432,6.2,22
35,9/5/2023,32.0,70,787,6.4,34
39,8/19/2023,30.8,61,447,6.8,17
18,8/13/2023,30.1,54,528,6.5,11
64,8/12/2023,24.2,65,535,6.5,10
4,8/6/2023,33.4,58,562,6.0,4
18,8/15/2023,30.1,52,723,6.1,13
39,8/30/2023,29.1,60,687,6.6,28
70,8/26/2023,19.7,67,757,6.2,24
16,9/1/2023,31.7,50,771,6.0,30
68,8/3/2023,19.7,56,716,6.5,1
39,8/22/2023,30.5,52,707,6.1,20
36,9/9/2023,20.1,75,693,6.7,38
27,9/6/2023,32.1,70,799,6.1,35
14,8/26/2023,31.4,58,637,6.2,24
9,9/11/2023,31.2,65,573,6.2,40
41,9/10/2023,31.1,78,488,6.6,39
40,8/15/2023,30.1,68,402,6.6,13
58,8/21/2023,24.2,71,438,6.6,19
29,8/17/2023,29.6,51,402,6.5,15
40,9/9/2023,20.1,73,473,6.4,38
11,9/11/2023,31.2,52,671,6.4,40
8,8/23/2023,30.8,59,411,6.0,21
46,8/30/2023,29.1,70,720,6.2,28
54,8/8/2023,19.4,74,527,6.0,6
18,8/9/2023,32.3,67,794,6.0,7
52,9/3/2023,18.0,54,736,6.4,32
7,8/31/2023,29.2,80,426,6.6,29
42,8/19/2023,30.8,50,700,6.7,17
15,8/27/2023,30.1,52,663,6.6,25
42,8/20/2023,30.9,60,542,6.4,18
37,8/18/2023,30.9,58,534,6.5,16
36,9/3/2023,31.7,57,522,6.6,32
44,9/5/2023,32.0,74,415,6.7,34
2,9/11/2023,31.2,56,797,6.8,40
52,9/10/2023,18.6,73,739,6.6,39
21,9/2/2023,31.7,66,758,6.2,31
22,8/8/2023,32.3,77,631,6.8,6
19,8/23/2023,30.8,69,515,6.2,21
34,8/12/2023,30.2,78,435,6.0,10
56,8/27/2023,20.4,57,767,6.2,25
29,9/9/2023,20.1,60,561,6.0,38
66,9/5/2023,21.9,66,541,6.3,34
7,8/18/2023,30.9,72,536,6.8,16
45,9/2/2023,31.7,64,751,6.3,31
33,8/10/2023,22.7,61,580,6.5,8
14,8/12/2023,30.2,78,514,6.7,10
48,9/9/2023,20.1,69,529,6.3,38
21,8/8/2023,32.3,63,443,6.2,6
58,8/7/2023,22.3,72,519,6.1,5
41,9/7/2023,31.5,75,583,6.7,36
25,8/10/2023,22.7,72,525,6.8,8
24,9/13/2023,29.1,51,697,6.1,42
50,8/12/2023,30.2,62,729,6.5,10
33,8/12/2023,30.2,69,556,6.8,10
19,8/3/2023,33.4,51,492,6.3,1
58,8/31/2023,18.0,59,467,6.1,29
22,9/16/2023,31.5,71,578,6.8,45
38,9/8/2023,29.8,73,438,6.5,37
1,8/21/2023,30.2,63,516,6.0,19
58,8/3/2023,18.7,56,681,6.7,1
25,9/5/2023,32.0,76,648,6.2,34
61,8/15/2023,22.2,69,705,6.7,13
61,8/12/2023,22.6,58,644,6.4,10
44,8/10/2023,22.7,62,721,6.1,8
32,8/10/2023,22.7,69,553,6.3,8
39,8/23/2023,30.8,57,633,6.5,21
56,8/8/2023,24.4,56,775,6.7,6
49,8/5/2023,33.4,60,412,6.2,3
38,8/7/2023,33.4,78,682,6.3,5
28,8/18/2023,30.9,51,554,6.8,16
54,8/4/2023,19.2,58,766,6.4,2
38,8/28/2023,29.4,72,685,6.5,26
23,8/11/2023,31.9,78,497,6.5,9
8,9/10/2023,31.1,75,698,6.7,39
60,9/4/2023,19.8,77,735,6.1,33
46,8/3/2023,33.4,66,794,6.4,1
30,9/15/2023,30.6,78,738,6.2,44
37,8/28/2023,29.4,51,568,6.6,26
51,8/18/2023,30.9,62,696,6.2,16
52,9/7/2023,20.1,66,462,6.2,36
8,8/25/2023,31.4,73,565,6.2,23
22,9/2/2023,31.7,59,519,6.2,31
53,9/1/2023,23.5,75,494,6.7,30
43,9/6/2023,32.1,73,661,6.7,35
64,8/23/2023,23.9,50,595,6.2,21
58,8/30/2023,24.7,52,584,6.1,28
3,8/26/2023,31.4,53,491,6.4,24
28,9/6/2023,32.1,61,601,6.1,35
70,8/16/2023,19.9,75,517,6.6,14
65,8/6/2023,23.3,54,468,6.6,4
27,8/19/2023,30.8,59,576,6.2,17
2,9/12/2023,31.2,66,657,6.8,41
49,8/18/2023,30.9,55,446,6.2,16
15,8/31/2023,29.2,78,518,6.6,29
23,8/16/2023,29.8,50,722,6.5,14
3,9/10/2023,31.1,79,794,6.3,39
56,8/23/2023,19.9,70,741,6.5,21
64,8/10/2023,22.6,76,419,6.3,8
20,8/28/2023,29.4,60,453,6.3,26
46,8/17/2023,29.6,78,469,6.6,15
7,9/4/2023,31.7,79,436,6.7,33
9,8/19/2023,30.8,73,610,6.5,17
4,8/16/2023,29.8,52,458,6.3,14
29,8/9/2023,32.3,69,704,6.5,7
52,8/12/2023,21.9,65,431,6.4,10
10,8/16/2023,29.8,51,594,6.5,14
11,9/8/2023,29.8,57,476,6.3,37
27,8/28/2023,29.4,66,460,6.7,26
40,8/11/2023,31.9,72,579,6.7,9
27,8/29/2023,28.7,65,800,6.5,27
57,9/8/2023,19.9,74,497,6.3,37
63,8/31/2023,22.2,57,729,6.6,29
37,8/30/2023,29.1,75,489,6.3,28
55,8/15/2023,18.0,53,443,6.5,13
7,8/3/2023,33.4,74,459,6.5,1
11,9/3/2023,31.7,54,749,6.3,32
31,8/7/2023,33.4,69,513,6.2,5
28,8/5/2023,33.4,74,768,6.2,3
16,8/8/2023,32.3,70,482,6.1,6
65,8/17/2023,25.0,59,485,6.6,15
65,8/31/2023,23.8,51,446,6.0,29
29,8/29/2023,28.7,70,641,6.3,27
60,8/12/2023,23.7,51,511,6.6,10
52,9/2/2023,18.1,75,535,6.3,31
63,8/21/2023,24.0,80,526,6.6,19
24,8/14/2023,30.1,55,676,6.1,12
3,8/31/2023,29.2,69,758,6.2,29
23,8/26/2023,31.4,57,602,6.3,24
34,8/17/2023,29.6,55,720,6.6,15
7,8/9/2023,32.3,64,769,6.1,7
66,8/6/2023,23.8,76,662,6.2,4
55,9/1/2023,24.6,75,592,6.4,30
22,8/15/2023,30.1,52,405,6.3,13
29,9/2/2023,31.7,70,424,6.3,31
31,8/19/2023,30.8,57,566,6.2,17
41,8/5/2023,33.4,66,521,6.7,3
4,8/21/2023,30.2,71,502,6.7,19
7,9/1/2023,31.7,52,583,6.5,30
69,9/16/2023,21.2,70,703,6.1,45
60,8/29/2023,18.8,61,624,6.6,27
40,9/5/2023,32.0,63,731,6.6,34
38,9/5/2023,32.0,51,724,6.7,34
53,8/23/2023,20.8,50,697,6.7,21
36,8/4/2023,33.5,79,799,6.6,2
13,8/28/2023,29.4,60,539,6.1,26
47,8/23/2023,30.8,72,784,6.7,21
61,8/5/2023,18.7,56,556,6.2,3
62,8/14/2023,21.3,55,512,6.7,12
57,8/13/2023,19.1,50,686,6.2,11
55,9/2/2023,18.0,62,465,6.2,31
19,8/25/2023,31.4,67,455,6.7,23
32,8/21/2023,30.2,70,686,6.5,19
6,9/11/2023,31.2,56,549,6.5,40
14,9/6/2023,32.1,66,434,6.3,35
23,9/4/2023,31.7,53,465,6.5,33
7,8/14/2023,30.1,56,676,6.8,12
52,9/8/2023,21.4,55,703,6.2,37
7,8/28/2023,29.4,79,670,6.7,26
34,9/7/2023,31.5,51,537,6.1,36
46,8/10/2023,22.7,80,421,6.5,8
59,8/18/2023,19.6,70,525,6.0,16
33,9/7/2023,31.5,75,559,6.2,36
2,8/23/2023,30.8,69,420,6.5,21
53,8/3/2023,20.0,79,551,6.3,1
20,8/27/2023,30.1,74,415,6.6,25
39,8/27/2023,30.1,74,463,6.0,25
57,8/14/2023,23.1,50,638,6.0,12
44,8/12/2023,30.2,58,576,6.4,10
31,8/22/2023,30.5,77,455,6.3,20
6,8/3/2023,33.4,66,795,6.1,1
11,9/17/2023,32.1,62,589,6.4,46
31,8/11/2023,31.9,51,704,6.3,9
34,9/8/2023,29.8,56,661,6.1,37
42,8/29/2023,28.7,70,767,6.1,27
31,9/2/2023,31.7,80,419,6.6,31
23,8/6/2023,33.4,54,633,6.0,4
19,8/18/2023,30.9,63,790,6.7,16
39,8/28/2023,29.4,76,422,6.7,26
9,8/10/2023,22.7,72,455,6.2,8
36,8/16/2023,29.8,55,508,6.7,14
50,8/24/2023,31.3,73,725,6.6,22
54,8/28/2023,24.4,54,551,6.5,26
56,8/12/2023,19.4,55,769,6.6,10
61,9/16/2023,23.6,73,638,6.0,45
17,8/23/2023,30.8,58,625,6.8,21
3,8/12/2023,30.2,69,473,6.4,10
44,8/3/2023,33.4,73,701,6.6,1
20,8/3/2023,33.4,56,708,6.1,1
20,9/16/2023,31.5,57,759,6.6,45
34,8/3/2023,33.4,50,681,6.5,1
12,8/27/2023,30.1,73,598,6.5,25
28,9/5/2023,32.0,78,789,6.1,34
57,9/13/2023,20.6,65,800,6.7,42
14,9/13/2023,30.4,76,449,6.3,42
28,9/14/2023,29.1,72,772,6.6,43
5,8/3/2023,33.4,67,651,6.3,1
37,8/3/2023,33.4,72,571,6.6,1
36,8/6/2023,33.4,65,665,6.0,4
21,8/23/2023,30.8,76,501,6.7,21
37,9/10/2023,31.1,60,773,6.2,39
70,8/29/2023,21.9,71,638,6.1,27
57,8/16/2023,20.4,71,674,6.7,14
58,8/12/2023,19.9,66,548,6.7,10
29,8/4/2023,33.5,58,566,6.3,2
49,8/23/2023,30.8,50,453,6.2,21
14,8/15/2023,30.1,69,501,6.1,13
34,8/31/2023,29.2,55,484,6.3,29
4,8/17/2023,29.6,59,571,6.0,15
33,8/7/2023,33.4,74,464,6.5,5
51,8/13/2023,30.1,76,739,6.6,11
17,8/3/2023,33.4,58,631,6.6,1
34,8/24/2023,31.3,51,551,6.6,22
63,9/7/2023,20.6,77,537,6.4,36
64,9/4/2023,18.7,50,588,6.2,33
1,8/26/2023,31.4,61,719,6.4,24
42,8/26/2023,31.4,65,674,6.7,24
4,8/24/2023,31.3,73,418,6.7,22
19,9/12/2023,31.2,67,449,6.0,41
20,9/8/2023,29.8,51,591,6.6,37
36,9/6/2023,32.1,71,570,6.2,35
28,8/6/2023,33.4,75,607,6.5,4
70,9/1/2023,20.2,60,490,6.5,30
10,9/3/2023,31.7,71,623,6.1,32
69,8/27/2023,22.9,77,727,6.7,25
17,8/26/2023,31.4,70,416,6.6,24
21,8/15/2023,30.1,76,660,6.2,13
70,8/18/2023,19.4,51,423,6.4,16
50,8/16/2023,29.8,50,480,6.7,14
7,9/8/2023,29.8,54,645,6.4,37
12,9/15/2023,30.6,71,538,6.4,44
47,9/9/2023,20.1,79,795,6.4,38
70,8/5/2023,19.0,68,454,6.2,3
7,9/3/2023,31.7,71,781,6.6,32
7,8/15/2023,30.1,52,780,6.5,13
16,8/12/2023,30.2,68,454,6.4,10
7,9/5/2023,32.0,78,466,6.6,34
55,8/17/2023,22.2,69,455,6.2,15
17,8/21/2023,30.2,57,736,6.3,19
59,8/23/2023,22.8,73,500,6.2,21
31,9/16/2023,31.5,69,670,6.1,45
38,9/9/2023,20.1,58,634,6.8,38
32,9/2/2023,31.7,72,455,6.7,31
20,9/14/2023,29.1,51,570,6.3,43
2,9/13/2023,30.4,75,473,6.6,42
62,8/12/2023,22.0,54,431,6.1,10
33,8/5/2023,33.4,51,424,6.5,3
59,8/13/2023,24.1,76,612,6.7,11
22,8/17/2023,29.6,65,651,6.7,15
1,8/16/2023,29.8,56,688,6.4,14
20,8/10/2023,22.7,57,648,6.4,8
18,9/4/2023,31.7,68,442,6.6,33
61,8/11/2023,22.3,78,452,6.4,9
12,8/12/2023,30.2,51,711,6.0,10
57,8/18/2023,21.6,52,699,6.3,16
9,9/14/2023,29.1,67,516,6.3,43
35,8/7/2023,33.4,64,546,6.6,5
30,8/23/2023,30.8,61,479,6.8,21
53,9/15/2023,24.5,75,519,6.2,44
63,9/8/2023,22.4,69,708,6.0,37
57,9/14/2023,18.2,61,431,6.4,43
59,8/16/2023,23.3,56,759,6.1,14
36,8/24/2023,31.3,67,570,6.5,22
9,8/18/2023,30.9,79,569,6.4,16
60,8/9/2023,19.0,74,425,6.4,7
52,8/14/2023,24.9,70,797,6.0,12
32,9/6/2023,32.1,77,596,6.5,35
68,8/29/2023,24.4,64,616,6.4,27
43,8/17/2023,29.6,53,587,6.3,15
46,9/8/2023,29.8,65,631,6.5,37
34,9/12/2023,31.2,51,546,6.1,41
13,8/5/2023,33.4,71,789,6.2,3
5,9/9/2023,20.1,54,661,6.3,38
47,8/27/2023,30.1,75,461,6.5,25
25,8/7/2023,33.4,53,781,6.2,5
70,8/15/2023,21.7,77,479,6.1,13
1,8/11/2023,31.9,69,662,6.1,9
37,9/12/2023,31.2,51,622,6.6,41
7,9/13/2023,30.4,52,777,6.6,42
30,8/14/2023,30.1,72,567,6.6,12
10,8/17/2023,29.6,73,419,6.2,15
70,8/31/2023,23.6,58,404,6.1,29
3,8/18/2023,30.9,58,643,6.4,16
35,8/28/2023,29.4,72,740,6.3,26
4,8/8/2023,32.3,59,442,6.7,6
3,9/3/2023,31.7,69,439,6.3,32
56,8/20/2023,23.2,64,585,6.5,18
67,9/11/2023,19.6,72,509,6.7,40
27,8/10/2023,22.7,77,723,6.6,8
47,8/16/2023,29.8,62,656,6.7,14
61,9/3/2023,21.0,53,511,6.6,32
56,8/4/2023,20.1,53,524,6.7,2
3,8/28/2023,29.4,75,535,6.1,26
42,8/23/2023,30.8,61,448,6.8,21
35,8/27/2023,30.1,73,800,6.3,25
52,8/15/2023,19.1,55,441,6.1,13
66,8/18/2023,19.2,52,550,6.7,16
69,9/8/2023,19.6,77,622,6.8,37
40,9/13/2023,30.4,76,544,6.5,42
45,9/8/2023,29.8,54,665,6.1,37
15,9/4/2023,31.7,72,415,6.8,33
67,8/8/2023,20.4,50,469,6.4,6
65,8/20/2023,22.2,71,505,6.6,18
38,9/11/2023,31.2,61,696,6.1,40
13,9/13/2023,30.4,65,415,6.1,42
36,8/3/2023,33.4,68,744,6.4,1
20,8/25/2023,31.4,76,796,6.8,23
69,8/4/2023,21.5,69,749,6.3,2
41,8/9/2023,32.3,64,429,6.6,7
52,8/22/2023,18.4,66,747,6.7,20
5,8/31/2023,29.2,54,410,6.6,29
18,8/5/2023,33.4,61,440,6.3,3
51,8/22/2023,30.5,54,782,6.6,20
65,8/4/2023,24.2,74,492,6.8,2
18,8/27/2023,30.1,69,757,6.8,25
58,9/13/2023,23.4,70,403,6.2,42
70,9/12/2023,22.6,58,799,6.3,41
39,8/7/2023,33.4,80,642,6.7,5
54,8/25/2023,19.7,54,705,6.5,23
63,8/10/2023,20.8,70,782,6.7,8
51,9/3/2023,31.7,62,633,6.7,32
64,8/17/2023,25.0,76,766,6.4,15
30,8/29/2023,28.7,71,549,6.7,27
6,9/15/2023,30.6,61,741,6.3,44
2,8/29/2023,28.7,57,508,6.2,27
51,8/27/2023,30.1,65,762,6.6,25
24,9/12/2023,30.4,69,490,6.0,41
9,8/30/2023,29.1,73,684,6.7,28
13,9/5/2023,32.0,71,744,6.2,34
39,8/8/2023,32.3,68,791,6.3,6
48,8/14/2023,30.1,70,489,6.0,12
48,8/20/2023,30.9,71,481,6.2,18
11,9/14/2023,29.1,55,660,6.3,43
48,9/2/2023,31.7,65,710,6.4,31
53,8/6/2023,18.2,70,561,6.4,4
70,8/27/2023,21.5,78,621,6.7,25
64,9/16/2023,18.8,51,476,6.5,45
67,8/17/2023,22.3,59,478,6.7,15
28,9/4/2023,31.7,70,689,6.5,33
62,9/11/2023,23.0,54,410,6.7,40
44,8/23/2023,30.8,57,703,6.4,21
5,8/23/2023,30.8,61,460,6.2,21
17,8/5/2023,33.4,77,491,6.4,3
39,8/4/2023,33.5,73,449,6.7,2
12,8/24/2023,31.3,71,485,6.0,22
35,8/19/2023,30.8,63,565,6.3,17
20,9/4/2023,31.7,68,611,6.2,33
9,8/13/2023,30.1,80,791,6.4,11
44,8/6/2023,33.4,51,681,6.5,4
63,8/30/2023,19.2,65,739,6.2,28
58,9/8/2023,20.0,77,581,6.3,37
9,8/22/2023,30.5,71,464,6.3,20
5,8/16/2023,29.8,78,624,6.3,14
24,8/6/2023,33.4,72,606,6.8,4
13,9/12/2023,31.2,51,724,6.3,41
12,8/17/2023,29.6,70,497,6.3,15
63,8/17/2023,18.3,65,458,6.3,15
48,9/11/2023,31.2,70,520,6.2,40
10,8/19/2023,30.8,50,493,6.0,17
24,9/8/2023,20.1,75,485,6.4,37
5,8/25/2023,31.4,53,646,6.2,23
11,9/5/2023,32.0,63,539,6.6,34
48,9/17/2023,29.4,55,554,6.6,46
68,9/14/2023,20.6,57,494,6.6,43
18,8/19/2023,30.8,80,489,6.2,17
59,8/12/2023,18.9,71,768,6.4,10
27,8/7/2023,33.4,67,480,6.1,5
27,8/6/2023,33.4,67,699,6.6,4
61,9/6/2023,21.3,75,525,6.7,35
45,9/14/2023,29.1,73,704,6.6,43
53,8/15/2023,22.3,60,745,6.4,13
32,8/6/2023,33.4,72,779,6.2,4
33,8/27/2023,30.1,66,665,6.2,25
2,9/10/2023,31.1,70,428,6.7,39
56,8/18/2023,23.4,58,578,6.6,16
53,8/9/2023,21.6,50,670,6.6,7
1,8/23/2023,30.8,57,669,6.2,21
56,9/14/2023,22.5,62,439,6.1,43
39,8/11/2023,31.9,56,438,6.2,9
63,8/16/2023,19.9,62,410,6.7,14
31,9/15/2023,30.6,66,420,6.4,44
49,8/4/2023,33.5,80,570,6.8,2
70,9/7/2023,24.5,79,549,6.5,36
63,9/11/2023,18.9,56,657,6.7,40
47,9/5/2023,32.0,61,613,6.2,34
22,8/20/2023,30.9,76,749,6.7,18
66,8/10/2023,23.8,70,461,6.0,8
20,8/20/2023,30.9,57,621,6.7,18
25,8/9/2023,32.3,66,567,6.2,7
4,8/22/2023,30.5,58,631,6.1,20
54,8/18/2023,24.2,74,728,6.1,16
20,8/23/2023,30.8,66,770,6.1,21
70,9/16/2023,24.6,79,621,6.0,45
40,9/8/2023,29.8,78,591,6.2,37
34,8/18/2023,30.9,64,514,6.8,16
58,9/11/2023,21.7,51,720,6.6,40
64,9/1/2023,18.6,80,443,6.8,30
60,8/11/2023,19.4,76,744,6.1,9
64,9/9/2023,20.8,59,742,6.2,38
37,9/7/2023,31.5,62,670,6.3,36
33,8/4/2023,33.5,67,453,6.2,2
34,8/11/2023,31.9,55,597,6.5,9
62,9/10/2023,18.2,54,507,6.4,39
11,8/3/2023,33.4,57,695,6.1,1
47,8/12/2023,30.2,52,539,6.3,10
2,9/5/2023,32.0,63,569,6.4,34
68,9/16/2023,21.2,63,777,6.7,45
24,8/12/2023,30.1,58,661,6.0,10
20,9/12/2023,31.2,51,588,6.6,41
60,9/1/2023,20.5,57,424,6.7,30
52,9/11/2023,22.6,71,626,6.6,40
63,9/14/2023,22.1,65,723,6.5,43
9,8/16/2023,29.8,66,613,6.3,14
21,9/8/2023,29.8,64,550,6.2,37
53,9/16/2023,19.3,78,687,6.1,45
48,8/8/2023,32.3,66,754,6.1,6
16,9/2/2023,31.7,67,793,6.5,31
69,9/2/2023,20.0,63,418,6.6,31
16,8/4/2023,33.5,64,794,6.1,2
60,9/12/2023,23.6,55,459,6.7,41
29,8/24/2023,31.3,66,405,6.2,22
7,9/2/2023,31.7,67,696,6.7,31
5,8/27/2023,30.1,52,468,6.7,25
38,9/13/2023,30.4,66,748,6.3,42
53,8/4/2023,19.1,80,702,6.7,2
70,8/23/2023,24.9,54,407,6.7,21
39,8/25/2023,31.4,80,670,6.4,23
20,8/22/2023,30.5,69,596,6.0,20
45,8/4/2023,33.5,63,648,6.5,2
21,8/9/2023,32.3,72,727,6.4,7
42,8/31/2023,29.2,67,649,6.4,29
47,9/14/2023,29.1,65,462,6.0,43
5,8/9/2023,32.3,74,558,6.7,7
44,8/29/2023,28.7,65,728,6.6,27
48,9/7/2023,31.5,61,577,6.1,36
28,9/10/2023,31.1,50,534,6.3,39
11,8/28/2023,29.4,52,589,6.1,26
21,8/7/2023,33.4,52,726,6.4,5
61,9/2/2023,24.8,53,701,6.1,31
7,8/5/2023,33.4,51,507,6.1,3
22,9/4/2023,31.7,59,533,6.7,33
55,8/7/2023,19.2,53,565,6.2,5
28,8/21/2023,30.2,75,643,6.6,19
41,8/30/2023,29.1,77,586,6.4,28
13,8/24/2023,31.3,55,490,6.8,22
32,8/31/2023,29.2,52,799,6.3,29
22,9/9/2023,20.1,62,560,6.8,38
66,8/15/2023,20.0,60,515,6.1,13
69,8/24/2023,22.5,54,428,6.7,22
13,9/7/2023,31.5,52,724,6.8,36
69,8/30/2023,21.1,78,508,6.2,28
40,8/19/2023,30.8,52,509,6.5,17
70,9/10/2023,24.6,67,407,6.1,39
30,9/4/2023,31.7,62,468,6.1,33
23,8/9/2023,32.3,68,514,6.5,7
15,9/6/2023,32.1,75,427,6.3,35
43,8/14/2023,30.1,52,466,6.3,12
19,9/6/2023,32.1,52,497,6.1,35
10,9/6/2023,32.1,72,469,6.3,35
36,8/25/2023,31.4,59,548,6.6,23
42,9/1/2023,31.7,51,490,6.7,30
60,8/28/2023,18.8,58,408,6.7,26
53,9/14/2023,24.6,76,625,6.1,43
63,8/23/2023,19.9,80,784,6.2,21
57,8/21/2023,20.3,79,578,6.3,19
50,8/11/2023,31.9,69,440,6.3,9
69,9/6/2023,19.7,50,773,6.5,35
59,8/8/2023,20.5,65,412,6.2,6
28,8/23/2023,30.8,59,788,6.6,21
7,8/22/2023,30.5,71,503,6.2,20
35,8/8/2023,32.3,56,619,6.4,6
13,9/10/2023,31.1,50,653,6.6,39
29,8/12/2023,30.2,50,542,6.6,10
36,8/28/2023,29.4,52,552,6.2,26
53,8/14/2023,24.4,72,527,6.4,12
70,9/13/2023,19.4,72,475,6.1,42
52,8/3/2023,18.6,53,547,6.6,1
36,9/1/2023,31.7,51,705,6.5,30
53,9/8/2023,20.1,71,512,6.5,37
32,8/13/2023,30.1,69,441,6.7,11
10,8/15/2023,30.1,74,701,6.6,13
12,9/1/2023,31.7,75,467,6.4,30
24,8/10/2023,31.9,72,441,6.6,8
54,8/5/2023,21.2,78,580,6.4,3
59,8/24/2023,24.2,58,599,6.4,22
42,8/17/2023,29.6,58,422,6.3,15
3,9/14/2023,29.1,73,747,6.1,43
1,8/9/2023,32.3,75,682,6.0,7
67,9/13/2023,23.6,66,608,6.3,42
10,8/11/2023,31.9,67,512,6.4,9
65,8/29/2023,24.2,67,640,6.4,27
48,9/8/2023,29.8,60,760,6.2,37
43,8/25/2023,31.4,73,441,6.4,23
31,8/9/2023,32.3,72,641,6.6,7
13,8/9/2023,32.3,72,459,6.1,7
48,9/12/2023,31.2,63,664,6.1,41
38,8/10/2023,22.7,77,455,6.7,8
63,8/27/2023,18.1,65,680,6.4,25
38,9/15/2023,30.6,68,748,6.3,44
13,8/23/2023,30.8,68,667,6.5,21
8,9/2/2023,31.7,54,458,6.6,31
3,8/4/2023,33.5,63,632,6.1,2
50,9/5/2023,32.0,56,794,6.1,34
66,9/12/2023,20.4,65,779,6.3,41
26,9/5/2023,32.0,73,459,6.2,34
59,8/10/2023,18.5,65,620,6.1,8
29,8/16/2023,29.8,64,706,6.2,14
43,8/26/2023,31.4,53,723,6.6,24
37,9/2/2023,31.7,60,575,6.4,31
70,8/7/2023,20.0,51,766,6.3,5
36,8/7/2023,33.4,74,796,6.4,5
64,9/6/2023,23.5,58,655,6.1,35
16,8/15/2023,30.1,67,454,6.7,13
59,8/26/2023,21.9,57,791,6.1,24
8,8/29/2023,28.7,78,779,6.5,27
40,8/6/2023,33.4,77,449,6.1,4
55,9/12/2023,24.8,73,479,6.4,41
67,8/21/2023,21.4,56,759,6.6,19
64,9/12/2023,18.6,75,548,6.5,41
26,8/3/2023,33.4,54,458,6.3,1
45,9/9/2023,20.1,77,681,6.2,38
37,8/15/2023,30.1,56,721,6.0,13
67,8/12/2023,23.9,74,781,6.7,10
66,9/10/2023,19.9,54,775,6.3,39
30,8/25/2023,31.4,50,544,6.7,23
59,8/9/2023,18.3,61,512,6.3,7
10,9/12/2023,31.2,58,794,6.6,41
21,8/5/2023,33.4,80,516,6.5,3
48,8/16/2023,29.8,78,604,6.1,14
27,8/20/2023,30.9,54,520,6.6,18
29,8/5/2023,33.4,66,526,6.2,3
63,9/3/2023,22.2,75,455,6.3,32
1,9/9/2023,20.1,61,621,6.5,38
22,8/21/2023,30.2,55,678,6.0,19
65,9/3/2023,18.6,59,767,6.7,32
22,8/30/2023,29.1,66,665,6.5,28
50,8/29/2023,28.7,50,791,6.8,27
48,8/10/2023,22.7,60,571,6.7,8
32,8/14/2023,30.1,80,486,6.5,12
29,8/15/2023,30.1,77,688,6.2,13
42,8/5/2023,33.4,73,669,6.6,3
1,9/11/2023,31.2,79,672,6.3,40
33,9/6/2023,32.1,67,741,6.3,35
45,8/27/2023,30.1,64,587,6.5,25
4,9/4/2023,31.7,71,485,6.2,33
30,9/10/2023,31.1,78,458,6.5,39
17,8/9/2023,32.3,71,552,6.5,7
39,9/10/2023,31.1,53,697,6.2,39
64,8/4/2023,18.3,70,581,6.5,2
35,8/25/2023,31.4,76,400,6.3,23
49,8/10/2023,22.7,72,676,6.7,8
14,9/11/2023,31.2,73,465,6.4,40
62,9/9/2023,22.7,72,656,6.1,38
47,8/25/2023,31.4,69,593,6.6,23
37,8/11/2023,31.9,62,489,6.5,9
29,8/21/2023,30.2,65,562,6.7,19
55,9/3/2023,20.6,55,766,6.3,32
31,8/21/2023,30.2,72,516,6.7,19
13,9/1/2023,31.7,77,425,6.8,30
8,8/9/2023,32.3,59,434,6.4,7
57,9/1/2023,23.3,51,494,6.0,30
20,8/29/2023,28.7,53,727,6.4,27
26,8/9/2023,32.3,77,513,6.5,7
18,8/7/2023,33.4,51,798,6.6,5
4,8/25/2023,31.4,63,740,6.1,23
39,9/4/2023,31.7,69,547,6.7,33
51,8/31/2023,29.2,66,418,6.4,29
55,8/21/2023,22.0,50,625,6.1,19
2,8/19/2023,30.8,56,430,6.5,17
19,8/31/2023,29.2,72,789,6.1,29
50,9/13/2023,30.4,67,798,6.7,42
68,8/25/2023,20.9,73,648,6.2,23
59,8/4/2023,24.0,62,643,6.5,2
36,8/12/2023,30.2,72,643,6.0,10
23,9/14/2023,29.1,65,602,6.7,43
68,8/28/2023,20.4,55,752,6.7,26
35,8/5/2023,33.4,68,613,6.1,3
47,9/4/2023,31.7,59,516,6.2,33
41,8/22/2023,30.5,53,762,6.3,20
24,8/26/2023,30.1,74,691,6.5,24
2,8/11/2023,31.9,73,564,6.1,9
58,8/4/2023,22.3,54,511,6.6,2
6,8/31/2023,29.2,59,626,6.6,29
12,8/3/2023,33.4,77,611,6.2,1
17,8/24/2023,31.3,65,765,6.5,22
59,8/11/2023,23.5,79,641,6.4,9
5,9/4/2023,31.7,66,422,6.5,33
19,8/6/2023,33.4,80,405,6.8,4
47,8/31/2023,29.2,57,412,6.2,29
70,9/15/2023,22.5,62,476,6.6,44
54,8/15/2023,24.3,64,728,6.8,13
31,8/30/2023,29.1,78,688,6.7,28
59,8/22/2023,22.8,64,798,6.2,20
28,9/11/2023,31.2,69,531,6.1,40
58,8/28/2023,19.3,55,642,6.8,26
48,8/23/2023,30.8,72,406,6.5,21
36,8/14/2023,30.1,65,639,6.6,12
49,8/3/2023,33.4,70,621,6.7,1
36,8/23/2023,30.8,67,620,6.2,21
54,9/3/2023,24.3,61,557,6.5,32
17,9/12/2023,31.2,61,482,6.6,41
66,8/23/2023,21.3,65,642,6.6,21
45,8/25/2023,31.4,77,463,6.3,23
63,9/2/2023,24.6,78,457,6.8,31
24,9/10/2023,31.2,51,624,6.4,39
50,9/9/2023,20.1,76,415,6.5,38
39,8/20/2023,30.9,66,708,6.2,18
30,8/11/2023,31.9,63,453,6.6,9
50,9/2/2023,31.7,50,626,6.6,31
39,9/15/2023,30.6,64,633,6.1,44
43,9/7/2023,31.5,50,666,6.0,36
42,8/7/2023,33.4,53,586,6.7,5
31,9/13/2023,30.4,79,790,6.7,42
49,8/12/2023,30.2,71,608,6.7,10
47,8/5/2023,33.4,78,695,6.7,3
43,9/8/2023,29.8,50,753,6.1,37
26,8/29/2023,28.7,66,413,6.2,27
22,8/10/2023,22.7,50,783,6.1,8
68,9/4/2023,19.1,75,525,6.5,33
57,8/29/2023,24.8,66,796,6.1,27
9,9/3/2023,31.7,55,490,6.4,32
13,9/6/2023,32.1,64,416,6.6,35
21,9/9/2023,20.1,70,470,6.4,38
16,8/22/2023,30.5,80,515,6.8,20
10,8/21/2023,30.2,77,778,6.2,19
38,8/14/2023,30.1,69,782,6.6,12
7,8/20/2023,30.9,77,730,6.4,18
4,8/11/2023,31.9,69,785,6.7,9
8,8/4/2023,33.5,77,457,6.3,2
61,8/23/2023,23.0,66,541,6.3,21
50,8/22/2023,30.5,71,423,6.3,20
26,8/31/2023,29.2,69,614,6.2,29
33,8/3/2023,33.4,65,575,6.8,1
1,8/5/2023,33.4,59,678,6.4,3
38,9/7/2023,31.5,77,581,6.7,36
13,8/29/2023,28.7,57,475,6.5,27
54,9/11/2023,23.7,51,636,6.7,40
8,8/20/2023,30.9,76,781,6.5,18
45,8/22/2023,30.5,54,477,6.2,20
40,9/2/2023,31.7,71,797,6.4,31
21,8/17/2023,29.6,71,514,6.7,15
6,9/7/2023,31.5,56,701,6.0,36
9,8/12/2023,30.2,74,563,6.8,10
55,9/11/2023,23.2,75,748,6.1,40
33,8/14/2023,30.1,79,615,6.5,12
6,9/13/2023,30.4,68,491,6.6,42
16,8/14/2023,30.1,67,737,6.4,12
70,8/21/2023,24.6,62,634,6.7,19
6,8/17/2023,29.6,50,437,6.6,15
66,9/3/2023,21.5,74,423,6.5,32
11,8/21/2023,30.2,75,602,6.2,19
43,8/16/2023,29.8,68,547,6.3,14
59,8/17/2023,19.9,59,446,6.5,15
18,9/9/2023,20.1,77,404,6.4,38
42,9/11/2023,31.2,54,720,6.2,40
64,8/7/2023,22.7,73,651,6.3,5
60,8/14/2023,21.2,57,754,6.1,12
66,8/4/2023,23.4,68,563,6.6,2
69,9/13/2023,23.3,61,687,6.3,42
26,8/30/2023,29.1,50,578,6.5,28
51,9/11/2023,31.2,71,571,6.5,40
6,8/23/2023,30.8,54,474,6.7,21
10,8/3/2023,33.4,66,503,6.5,1
12,9/12/2023,31.2,64,438,6.0,41
27,8/14/2023,30.1,60,653,6.6,12
17,8/10/2023,22.7,67,744,6.3,8
7,9/7/2023,31.5,54,749,6.8,36
43,8/10/2023,22.7,55,769,6.2,8
20,8/30/2023,29.1,50,494,6.2,28
25,9/11/2023,31.2,77,680,6.6,40
32,9/14/2023,29.1,64,782,6.8,43
68,9/9/2023,24.2,71,707,6.3,38
1,8/18/2023,30.9,70,742,6.1,16
47,9/13/2023,30.4,61,650,6.1,42
16,9/8/2023,29.8,69,403,6.7,37
32,8/16/2023,29.8,68,571,6.1,14
62,8/25/2023,24.0,59,526,6.6,23
22,8/28/2023,29.4,73,745,6.4,26
50,8/17/2023,29.6,66,555,6.5,15
34,9/14/2023,29.1,58,420,6.3,43
60,8/7/2023,20.1,77,761,6.3,5
35,8/11/2023,31.9,68,561,6.3,9
57,8/28/2023,18.8,55,542,6.2,26
8,9/13/2023,30.4,78,472,6.2,42
22,8/29/2023,28.7,57,751,6.4,27
4,9/17/2023,31.3,71,652,6.8,46
22,9/1/2023,31.7,77,783,6.2,30
48,8/24/2023,31.3,53,684,6.5,22
27,8/15/2023,30.1,50,466,6.6,13
66,8/30/2023,19.8,56,703,6.0,28
42,9/9/2023,20.1,73,424,6.6,38
25,9/1/2023,31.7,75,565,6.6,30
5,8/5/2023,33.4,54,449,6.1,3
14,8/27/2023,30.1,55,743,6.4,25
55,9/15/2023,18.9,53,629,6.1,44
26,9/10/2023,31.1,58,496,6.4,39
27,8/3/2023,33.4,76,411,6.7,1
56,9/2/2023,23.9,78,672,6.0,31
52,8/28/2023,23.6,55,576,6.6,26
14,8/22/2023,30.5,56,651,6.5,20
34,8/19/2023,30.8,80,763,6.1,17
33,8/17/2023,29.6,60,456,6.7,15
9,9/6/2023,32.1,70,561,6.7,35
22,9/10/2023,31.1,50,782,6.8,39
21,8/26/2023,31.4,73,553,6.6,24
9,8/7/2023,33.4,79,731,6.3,5
62,9/3/2023,25.0,75,783,6.5,32
51,9/6/2023,32.1,54,421,6.6,35
13,9/15/2023,30.6,57,475,6.1,44
54,8/12/2023,24.2,66,416,6.6,10
16,9/13/2023,30.4,68,701,6.7,42
19,8/8/2023,32.3,63,651,6.5,6
55,8/25/2023,19.6,76,665,6.1,23
16,8/5/2023,33.4,71,533,6.8,3
52,9/12/2023,21.5,76,796,6.8,41
3,9/18/2023,29.7,72,549,6.6,47
58,8/11/2023,18.8,76,672,6.7,9
14,9/5/2023,32.0,75,683,6.7,34
8,8/15/2023,30.1,59,727,6.2,13
40,9/10/2023,31.1,51,768,6.4,39
9,8/26/2023,31.4,69,721,6.1,24
55,8/6/2023,24.5,50,674,6.4,4
25,8/20/2023,30.9,70,637,6.3,18
44,8/18/2023,30.9,53,426,6.4,16
41,8/8/2023,32.3,56,460,6.6,6
70,8/30/2023,21.1,80,589,6.3,28
16,8/28/2023,29.4,50,502,6.8,26
23,9/10/2023,31.1,52,528,6.5,39
47,8/7/2023,33.4,76,745,6.1,5
46,9/6/2023,32.1,59,486,6.6,35
61,8/29/2023,18.8,65,770,6.6,27
35,8/22/2023,30.5,72,779,6.5,20
65,8/19/2023,24.8,76,762,6.8,17
36,8/10/2023,22.7,59,795,6.2,8
67,8/24/2023,24.5,54,470,6.4,22
59,9/11/2023,24.4,68,520,6.5,40
25,8/23/2023,30.8,79,738,6.6,21
11,8/10/2023,22.7,56,489,6.4,8
35,8/21/2023,30.2,60,781,6.2,19
27,9/13/2023,30.4,73,645,6.5,42
52,9/16/2023,23.6,77,728,6.6,45
70,8/14/2023,20.1,53,593,6.0,12
55,9/14/2023,18.1,76,712,6.7,43
34,8/14/2023,30.1,62,664,6.3,12
45,8/10/2023,22.7,51,540,6.8,8
25,8/15/2023,30.1,76,424,6.4,13
15,8/23/2023,30.8,74,609,6.4,21
63,9/4/2023,22.0,68,608,6.1,33
8,8/19/2023,30.8,62,422,6.4,17
5,9/2/2023,31.7,56,413,6.4,31
36,8/31/2023,29.2,66,629,6.5,29
30,8/27/2023,30.1,75,574,6.3,25
59,9/5/2023,21.2,77,630,6.2,34
56,8/5/2023,18.6,55,553,6.2,3
66,8/25/2023,21.6,70,432,6.5,23
41,9/6/2023,32.1,77,641,6.2,35
36,8/8/2023,32.3,63,467,6.8,6
69,9/9/2023,19.8,62,784,6.6,38
43,8/5/2023,33.4,61,730,6.1,3
59,9/13/2023,21.0,80,741,6.4,42
18,9/12/2023,31.2,78,440,6.5,41
24,8/23/2023,31.3,77,658,6.1,21
48,8/29/2023,28.7,63,567,6.0,27
6,9/16/2023,31.5,71,591,6.4,45
53,8/30/2023,22.4,54,466,6.2,28
19,9/16/2023,31.5,70,571,6.3,45
3,8/14/2023,30.1,80,569,6.3,12
34,8/7/2023,33.4,56,403,6.4,5
51,8/21/2023,30.2,53,542,6.6,19
4,9/6/2023,32.1,51,577,6.1,35
3,8/20/2023,30.9,79,467,6.3,18
54,8/16/2023,22.4,61,525,6.7,14
34,8/27/2023,30.1,57,643,6.4,25
70,9/4/2023,21.3,74,577,6.2,33
41,8/17/2023,29.6,64,510,6.4,15
68,8/24/2023,20.0,69,708,6.4,22
54,8/20/2023,22.5,60,401,6.5,18
45,8/3/2023,33.4,69,635,6.2,1
59,9/6/2023,23.8,80,786,6.2,35
70,9/6/2023,20.3,62,525,6.8,35
68,9/1/2023,24.2,59,617,6.2,30
55,9/6/2023,21.3,53,686,6.0,35
61,8/8/2023,19.2,68,701,6.4,6
44,9/12/2023,31.2,64,450,6.8,41
7,8/23/2023,30.8,58,503,6.2,21
16,8/30/2023,29.1,70,755,6.5,28
2,8/30/2023,29.1,58,603,6.6,28
34,8/30/2023,29.1,74,544,6.6,28
54,8/11/2023,18.4,60,622,6.8,9
60,9/8/2023,21.6,76,536,6.6,37
68,8/18/2023,22.5,61,583,6.5,16
11,8/26/2023,31.4,79,509,6.3,24
61,9/13/2023,21.9,64,719,6.1,42
34,9/5/2023,32.0,63,758,6.1,34
62,8/15/2023,24.9,56,548,6.5,13
42,8/18/2023,30.9,55,714,6.4,16
34,8/20/2023,30.9,55,719,6.2,18
70,8/6/2023,19.9,61,593,6.4,4
39,9/12/2023,31.2,55,539,6.1,41
33,9/10/2023,31.1,74,436,6.6,39
26,9/6/2023,32.1,62,577,6.0,35
58,8/14/2023,18.7,77,550,6.1,12
46,8/23/2023,30.8,57,534,6.5,21
60,8/18/2023,18.9,62,656,6.7,16
64,9/3/2023,23.1,62,764,6.5,32
52,9/13/2023,21.2,63,779,6.5,42
54,8/13/2023,21.4,54,780,6.6,11
9,9/10/2023,31.1,69,726,6.7,39
17,8/29/2023,28.7,69,598,6.1,27
48,8/5/2023,33.4,70,510,6.7,3
69,8/10/2023,19.5,69,614,6.8,8
47,8/4/2023,33.5,78,486,6.0,2
3,8/10/2023,22.7,65,783,6.6,8
30,8/19/2023,30.8,65,545,6.5,17
56,9/7/2023,18.5,51,777,6.1,36
17,8/15/2023,30.1,73,607,6.2,13
18,9/2/2023,31.7,67,579,6.3,31
65,9/2/2023,22.0,71,786,6.0,31
47,8/14/2023,30.1,63,611,6.6,12
59,8/19/2023,23.5,78,588,6.7,17
34,9/10/2023,31.1,66,789,6.6,39
54,8/9/2023,21.0,53,478,6.5,7
68,9/11/2023,18.9,60,436,6.4,40
55,9/9/2023,21.8,67,407,6.3,38
4,8/14/2023,30.1,64,525,6.2,12
45,8/13/2023,30.1,59,515,6.3,11
49,8/6/2023,33.4,65,664,6.4,4
47,8/17/2023,29.6,68,586,6.7,15
29,9/15/2023,30.6,50,500,6.8,44
16,8/10/2023,22.7,80,503,6.1,8
18,9/14/2023,29.1,76,750,6.6,43
39,8/9/2023,32.3,61,591,6.0,7
31,8/27/2023,30.1,50,688,6.8,25
41,9/5/2023,32.0,51,456,6.0,34
54,8/23/2023,21.4,57,679,6.1,21
54,8/19/2023,20.5,69,710,6.8,17
36,8/15/2023,30.1,78,620,6.1,13
56,8/10/2023,21.2,75,484,6.2,8
58,8/19/2023,21.3,51,728,6.1,17
16,8/19/2023,30.8,66,454,6.7,17
34,8/5/2023,33.4,77,495,6.1,3
63,8/4/2023,23.3,77,713,6.5,2
21,8/13/2023,30.1,77,673,6.1,11
32,8/20/2023,30.9,65,447,6.4,18
38,9/3/2023,31.7,74,615,6.7,32
20,9/11/2023,31.2,74,560,6.2,40
10,9/13/2023,30.4,69,674,6.3,42
49,9/6/2023,32.1,53,651,6.0,35
50,8/7/2023,33.4,60,533,6.3,5
54,9/15/2023,23.2,51,458,6.6,44
55,8/27/2023,22.3,58,520,6.4,25
4,9/2/2023,31.7,71,711,6.8,31
16,9/17/2023,30.9,65,651,6.0,46
51,8/30/2023,29.1,58,674,6.7,28
29,9/10/2023,31.1,55,556,6.0,39
54,9/9/2023,20.2,68,588,6.5,38
1,8/29/2023,28.7,64,451,6.4,27
47,9/2/2023,31.7,60,643,6.1,31
42,9/12/2023,31.2,50,554,6.3,41
37,8/23/2023,30.8,77,557,6.2,21
36,9/7/2023,31.5,72,680,6.4,36
13,9/9/2023,20.1,78,419,6.4,38
31,9/11/2023,31.2,78,578,6.6,40
22,9/13/2023,30.4,52,440,6.3,42
26,9/11/2023,31.2,58,503,6.3,40
38,8/26/2023,31.4,72,610,6.4,24
23,9/11/2023,31.2,66,530,6.3,40
1,9/5/2023,32.0,55,743,6.6,34
46,8/8/2023,32.3,69,681,6.3,6
56,8/17/2023,20.0,78,501,6.2,15
31,8/20/2023,30.9,59,488,6.8,18
1,9/13/2023,30.4,57,726,6.1,42
42,8/22/2023,30.5,64,472,6.5,20
45,9/3/2023,31.7,71,539,6.6,32
52,8/17/2023,22.5,80,408,6.1,15
61,9/10/2023,19.7,68,437,6.5,39
60,9/9/2023,18.0,78,600,6.4,38
46,8/9/2023,32.3,53,710,6.5,7
45,9/4/2023,31.7,65,503,6.7,33
14,8/17/2023,29.6,80,455,6.3,15
25,9/12/2023,31.2,72,682,6.7,41
1,8/31/2023,29.2,55,680,6.7,29
10,8/31/2023,29.2,54,585,6.5,29
15,8/28/2023,29.4,53,587,6.6,26
51,9/1/2023,31.7,58,762,6.5,30
11,9/7/2023,31.5,80,424,6.6,36
28,9/3/2023,31.7,60,480,6.7,32
29,9/1/2023,31.7,56,626,6.6,30
60,8/16/2023,18.4,63,468,6.5,14
56,8/14/2023,20.9,74,652,6.3,12
31,8/23/2023,30.8,74,508,6.5,21
29,9/4/2023,31.7,73,763,6.6,33
6,8/9/2023,32.3,60,620,6.6,7
44,9/10/2023,31.1,53,474,6.1,39
13,8/4/2023,33.5,52,452,6.2,2
12,8/18/2023,30.9,59,585,6.6,16
52,9/14/2023,23.0,63,653,6.2,43
28,8/8/2023,32.3,55,786,6.3,6
26,8/4/2023,33.5,64,509,6.6,2
43,8/6/2023,33.4,52,423,6.4,4
16,9/7/2023,31.5,55,423,6.4,36
17,8/7/2023,33.4,61,505,6.6,5
62,9/15/2023,21.4,70,754,6.1,44
39,8/31/2023,29.2,60,782,6.8,29
2,8/16/2023,29.8,58,413,6.5,14
14,9/8/2023,29.8,56,550,6.4,37
26,9/16/2023,31.5,71,568,6.1,45
52,8/31/2023,24.5,50,527,6.3,29
13,9/14/2023,29.1,66,609,6.2,43
29,9/3/2023,31.7,79,507,6.7,32
31,8/28/2023,29.4,72,710,6.3,26
62,8/6/2023,18.5,67,666,6.8,4
62,8/22/2023,23.2,73,783,6.2,20
46,9/4/2023,31.7,57,504,6.0,33
69,9/10/2023,18.4,55,492,6.4,39
21,8/31/2023,29.2,76,559,6.7,29
66,8/9/2023,23.8,80,434,6.7,7
28,8/25/2023,31.4,77,459,6.5,23
20,9/10/2023,31.1,74,637,6.2,39
60,8/21/2023,21.6,73,557,6.7,19
29,8/10/2023,22.7,67,597,6.4,8
57,8/6/2023,20.6,59,429,6.3,4
68,8/11/2023,20.3,67,407,6.1,9
50,9/10/2023,31.1,51,462,6.1,39
56,9/5/2023,24.1,58,536,6.5,34
58,8/27/2023,23.7,56,575,6.7,25
26,8/8/2023,32.3,63,669,6.1,6
56,8/30/2023,19.2,72,509,6.4,28
16,8/24/2023,31.3,54,738,6.8,22
62,9/2/2023,24.1,72,497,6.5,31
17,8/17/2023,29.6,58,587,6.3,15
43,9/9/2023,20.1,51,752,6.7,38
47,8/10/2023,22.7,67,571,6.3,8
12,8/11/2023,31.9,55,602,6.2,9
2,9/8/2023,29.8,61,537,6.6,37
29,9/8/2023,29.8,72,581,6.3,37
59,8/14/2023,24.7,71,473,6.3,12
21,8/6/2023,33.4,63,592,6.0,4
65,8/23/2023,24.1,74,554,6.2,21
17,9/15/2023,30.6,75,575,6.3,44
8,8/10/2023,22.7,60,708,6.6,8
46,8/20/2023,30.9,72,531,6.1,18
45,8/12/2023,30.2,71,701,6.6,10
21,9/4/2023,31.7,69,620,6.1,33
19,8/4/2023,33.5,74,552,6.5,2
20,9/15/2023,30.6,70,505,6.8,44
4,9/16/2023,31.5,63,654,6.7,45
4,8/30/2023,29.1,71,525,6.6,28
34,8/29/2023,28.7,72,798,6.4,27
10,9/10/2023,31.1,68,538,6.7,39
29,9/11/2023,31.2,59,493,6.8,40
25,8/22/2023,30.5,77,703,6.4,20
29,8/18/2023,30.9,66,547,6.2,16
8,8/8/2023,32.3,63,588,6.7,6
40,8/26/2023,31.4,64,752,6.2,24
63,8/3/2023,21.9,50,728,6.2,1
45,8/18/2023,30.9,58,697,6.2,16
42,8/4/2023,33.5,62,767,6.6,2
7,9/9/2023,20.1,63,555,6.2,38
19,8/14/2023,30.1,71,503,6.5,12
27,8/22/2023,30.5,69,703,6.3,20
55,8/11/2023,18.7,79,681,6.0,9
68,8/20/2023,20.2,58,559,6.6,18
55,8/20/2023,24.9,63,474,6.6,18
33,9/1/2023,31.7,61,457,6.3,30
18,8/4/2023,33.5,73,463,6.4,2
18,8/26/2023,31.4,55,660,6.6,24
2,8/12/2023,30.2,65,416,6.6,10
43,8/21/2023,30.2,52,683,6.1,19
70,8/10/2023,19.3,74,645,6.5,8
51,8/26/2023,31.4,75,727,6.1,24
38,8/27/2023,30.1,79,548,6.3,25
66,8/27/2023,23.7,64,641,6.2,25
22,9/3/2023,31.7,75,736,6.3,32
51,8/24/2023,31.3,63,505,6.6,22
31,9/4/2023,31.7,58,576,6.5,33
17,9/9/2023,20.1,62,472,6.1,38
62,9/14/2023,19.9,67,754,6.8,43
7,8/13/2023,30.1,68,432,6.4,11
67,9/2/2023,19.5,73,779,6.3,31
10,8/18/2023,30.9,73,579,6.1,16
46,9/14/2023,29.1,76,645,6.3,43
16,9/9/2023,20.1,76,409,6.6,38
21,9/12/2023,31.2,50,479,6.4,41
22,9/5/2023,32.0,73,414,6.6,34
66,8/13/2023,24.7,73,447,6.4,11
48,8/30/2023,29.1,58,416,6.4,28
8,8/7/2023,33.4,78,700,6.0,5
31,8/24/2023,31.3,64,495,6.6,22
39,8/5/2023,33.4,77,601,6.2,3
24,9/11/2023,31.2,70,402,6.7,40
8,8/22/2023,30.5,53,715,6.1,20
4,8/13/2023,30.1,70,419,6.1,11
55,9/5/2023,22.9,69,432,6.5,34
25,8/18/2023,30.9,67,411,6.3,16
19,8/30/2023,29.1,75,411,6.6,28
22,8/13/2023,30.1,64,519,6.7,11
58,8/26/2023,21.4,69,525,6.3,24
15,8/24/2023,31.3,60,590,6.2,22
23,8/4/2023,33.5,56,476,6.5,2
60,8/26/2023,18.5,56,671,6.0,24
59,9/7/2023,18.0,57,682,6.2,36
62,9/16/2023,20.7,74,581,6.1,45
42,8/25/2023,31.4,75,506,6.3,23
66,9/7/2023,22.5,50,610,6.2,36
27,8/24/2023,31.3,62,799,6.4,22
44,9/15/2023,30.6,65,673,6.2,44
1,8/27/2023,30.1,77,589,6.7,25
66,8/31/2023,19.8,52,453,6.6,29
66,9/11/2023,18.5,58,784,6.1,40
49,9/1/2023,31.7,53,432,6.2,30
54,9/10/2023,21.9,75,745,6.1,39
20,8/12/2023,30.2,60,702,6.7,10
63,9/13/2023,21.2,79,496,6.4,42
21,8/30/2023,29.1,55,653,6.2,28
59,8/29/2023,23.5,65,523,6.7,27
70,8/19/2023,20.7,51,795,6.5,17
9,8/21/2023,30.2,66,607,6.1,19
66,8/12/2023,19.8,74,496,6.1,10
59,8/28/2023,19.6,73,403,6.2,26
52,8/24/2023,22.6,74,523,6.4,22
49,9/13/2023,30.4,50,492,6.6,42
21,8/28/2023,29.4,68,600,6.1,26
61,8/13/2023,18.8,67,423,6.8,11
69,8/13/2023,24.8,68,473,6.4,11
30,8/18/2023,30.9,76,451,6.8,16
43,9/4/2023,31.7,59,458,6.5,33
21,8/27/2023,30.1,59,659,6.7,25
13,8/19/2023,30.8,52,565,6.3,17
41,9/14/2023,29.1,53,496,6.7,43
57,9/2/2023,18.8,53,584,6.7,31
37,8/16/2023,29.8,80,695,6.5,14
50,9/1/2023,31.7,61,565,6.6,30
40,8/28/2023,29.4,58,681,6.8,26
32,8/26/2023,31.4,70,588,6.3,24
55,8/18/2023,24.1,71,416,6.7,16
23,8/15/2023,30.1,52,607,6.3,13
43,8/29/2023,28.7,77,506,6.3,27
65,8/15/2023,19.1,66,527,6.1,13
3,9/8/2023,29.8,78,525,6.0,37
51,8/20/2023,30.9,66,717,6.5,18
30,9/2/2023,31.7,65,716,6.0,31
8,9/5/2023,32.0,75,697,6.7,34
19,8/9/2023,32.3,72,747,6.1,7
37,8/10/2023,22.7,50,784,6.3,8
22,8/31/2023,29.2,58,596,6.5,29
8,9/12/2023,31.2,51,768,6.1,41
8,8/26/2023,31.4,79,619,6.3,24
49,8/13/2023,30.1,60,604,6.2,11
60,8/19/2023,18.1,62,618,6.6,17
16,8/29/2023,28.7,65,553,6.4,27
51,8/11/2023,31.9,57,490,6.1,9
1,8/13/2023,30.1,77,670,6.5,11
69,8/29/2023,22.2,61,562,6.1,27
47,9/6/2023,32.1,79,411,6.2,35
41,8/25/2023,31.4,51,412,6.5,23
18,8/20/2023,30.9,60,630,6.2,18
65,8/28/2023,23.1,71,496,6.6,26
3,8/7/2023,33.4,65,735,6.0,5
3,9/11/2023,31.2,73,460,6.7,40
53,8/24/2023,24.4,73,405,6.8,22
68,9/7/2023,24.3,53,434,6.1,36
42,9/15/2023,30.6,51,593,6.0,44
56,9/13/2023,21.5,61,407,6.2,42
43,9/2/2023,31.7,58,538,6.6,31
67,8/26/2023,21.9,61,787,6.4,24
42,8/11/2023,31.9,75,638,6.3,9
37,8/29/2023,28.7,56,539,6.1,27
12,8/14/2023,30.1,64,529,6.8,12
42,8/3/2023,33.4,52,661,6.2,1
29,8/8/2023,32.3,63,703,6.2,6
21,9/11/2023,31.2,77,610,6.4,40
25,8/31/2023,29.2,66,703,6.7,29
10,8/9/2023,32.3,72,623,6.7,7
21,8/14/2023,30.1,75,504,6.5,12
52,8/27/2023,19.3,69,652,6.7,25
11,8/22/2023,30.5,71,602,6.7,20
45,9/15/2023,30.6,67,438,6.1,44
52,8/4/2023,22.9,62,783,6.4,2
38,8/18/2023,30.9,68,592,6.7,16
52,9/9/2023,19.3,52,632,6.7,38
33,8/22/2023,30.5,60,784,6.4,20
27,8/23/2023,30.8,64,736,6.5,21
37,9/9/2023,20.1,52,588,6.3,38
65,9/8/2023,18.2,80,593,6.5,37
44,8/26/2023,31.4,56,457,6.0,24
48,8/27/2023,30.1,59,682,6.3,25
18,9/16/2023,31.5,78,705,6.8,45
45,8/8/2023,32.3,69,629,6.5,6
67,9/14/2023,21.5,72,443,6.6,43
28,8/24/2023,31.3,78,425,6.7,22
52,8/23/2023,20.8,73,662,6.4,21
63,8/8/2023,21.8,62,497,6.7,6
49,8/19/2023,30.8,80,778,6.7,17
62,8/4/2023,23.2,75,653,6.2,2
23,9/17/2023,33.4,56,632,6.4,46
42,9/3/2023,31.7,61,448,6.7,32
14,8/23/2023,30.8,55,466,6.0,21
30,8/4/2023,33.5,75,687,6.0,2
68,8/17/2023,20.0,51,566,6.4,15
48,8/12/2023,30.2,61,784,6.2,10
58,8/22/2023,21.3,80,703,6.8,20
40,8/8/2023,32.3,65,475,6.0,6
69,9/11/2023,23.6,80,757,6.3,40
3,9/13/2023,30.4,54,480,6.7,42
2,9/4/2023,31.7,61,498,6.0,33
46,8/18/2023,30.9,56,448,6.3,16
16,9/11/2023,31.2,65,572,6.5,40
29,9/14/2023,29.1,75,754,6.7,43
41,9/11/2023,31.2,74,443,6.5,40
57,8/15/2023,22.8,70,658,6.3,13
59,8/5/2023,20.2,64,495,6.4,3
31,8/13/2023,30.1,73,485,6.1,11
41,9/15/2023,30.6,67,650,6.1,44
30,8/5/2023,33.4,60,660,6.3,3
68,8/6/2023,20.1,57,417,6.3,4
51,9/12/2023,31.2,50,433,6.2,41
9,8/11/2023,31.9,62,646,6.7,9
43,8/9/2023,32.3,55,532,6.5,7
8,8/14/2023,30.1,57,763,6.3,12
53,9/7/2023,24.7,60,571,6.0,36
54,9/12/2023,19.5,55,414,6.3,41
36,8/20/2023,30.9,50,409,6.2,18
25,8/29/2023,28.7,73,474,6.0,27
67,8/4/2023,19.6,62,741,6.2,2
43,9/13/2023,30.4,51,684,6.5,42
54,8/3/2023,23.7,65,564,6.6,1
59,9/12/2023,24.3,71,495,6.6,41
30,8/28/2023,29.4,63,462,6.2,26
7,9/17/2023,29.1,62,696,6.5,46
36,9/4/2023,31.7,68,639,6.0,33
58,8/8/2023,24.4,55,404,6.4,6
46,8/26/2023,31.4,51,679,6.3,24
50,8/3/2023,33.4,56,781,6.3,1
37,9/13/2023,30.4,71,496,6.0,42
43,9/12/2023,31.2,65,629,6.2,41
6,9/2/2023,31.7,77,742,6.5,31
68,9/5/2023,21.8,56,576,6.7,34
46,8/5/2023,33.4,51,439,6.7,3
16,8/7/2023,33.4,68,554,6.6,5
20,9/7/2023,31.5,71,513,6.4,36
45,9/6/2023,32.1,70,776,6.7,35
4,8/4/2023,33.5,54,609,6.7,2
43,8/18/2023,30.9,76,771,6.1,16
41,8/19/2023,30.8,55,454,6.1,17
35,9/3/2023,31.7,60,703,6.4,32
7,9/16/2023,31.5,72,508,6.3,45
15,8/16/2023,29.8,58,409,6.3,14
48,8/13/2023,30.1,52,597,6.3,11
55,8/19/2023,21.5,51,472,6.5,17
13,8/11/2023,31.9,73,415,6.3,9
49,8/16/2023,29.8,66,659,6.4,14
3,8/25/2023,31.4,74,630,6.6,23
12,8/29/2023,28.7,66,577,6.1,27
5,9/11/2023,31.2,52,471,6.7,40
16,9/10/2023,31.1,54,645,6.3,39
60,8/17/2023,22.4,65,800,6.1,15
61,8/3/2023,23.1,59,702,6.5,1
32,8/29/2023,28.7,63,495,6.1,27
55,8/26/2023,22.0,77,702,6.6,24
56,9/15/2023,22.6,57,501,6.5,44
33,8/9/2023,32.3,75,447,6.7,7
64,8/6/2023,23.4,73,735,6.3,4
19,8/28/2023,29.4,80,623,6.4,26
5,8/11/2023,31.9,54,637,6.7,9
33,8/15/2023,30.1,59,557,6.0,13
21,9/7/2023,31.5,72,784,6.1,36
45,9/1/2023,31.7,65,538,6.6,30
36,9/14/2023,29.1,76,746,6.6,43
3,8/30/2023,29.1,73,738,6.6,28
15,8/8/2023,32.3,61,459,6.0,6
42,8/16/2023,29.8,72,430,6.2,14
1,8/6/2023,33.4,68,420,6.4,4
2,9/1/2023,31.7,56,622,6.4,30
39,9/5/2023,32.0,55,413,6.8,34
11,8/12/2023,30.2,51,752,6.2,10
1,8/8/2023,32.3,77,478,6.8,6
28,8/22/2023,30.5,52,639,6.3,20
21,8/11/2023,31.9,78,510,6.5,9
5,9/15/2023,30.6,77,453,6.1,44
24,8/19/2023,30.9,70,683,6.2,17
6,8/15/2023,30.1,74,425,6.1,13
54,8/21/2023,18.1,57,690,6.5,19
26,8/26/2023,31.4,55,688,6.5,24
61,9/7/2023,19.0,65,502,6.2,36
34,9/1/2023,31.7,75,689,6.7,30
36,8/21/2023,30.2,55,492,6.3,19
69,9/4/2023,19.7,73,764,6.3,33
55,8/24/2023,22.2,70,510,6.0,22
60,8/22/2023,22.6,69,722,6.1,20
44,9/14/2023,29.1,69,535,6.3,43
55,9/18/2023,29.4,55,554,6.6,46
44,8/31/2023,29.2,53,779,6.7,29
39,9/11/2023,31.2,52,481,6.1,40
29,9/5/2023,32.0,71,592,6.4,34
34,9/16/2023,31.5,73,596,6.6,45
14,8/30/2023,29.1,77,413,6.4,28
55,8/10/2023,21.6,70,652,6.7,8
33,9/13/2023,30.4,56,578,6.4,42
3,8/23/2023,30.8,79,780,6.1,21
51,8/14/2023,30.1,78,759,6.2,12
54,8/6/2023,18.0,58,717,6.0,4
26,9/4/2023,31.7,57,662,6.4,33
58,8/23/2023,20.4,70,547,6.3,21
6,8/5/2023,33.4,66,662,6.4,3
2,8/24/2023,31.3,54,608,6.3,22
69,9/15/2023,19.2,60,681,6.3,44
46,9/7/2023,31.5,74,525,6.8,36
49,8/21/2023,30.2,60,699,6.0,19
12,9/3/2023,31.7,74,591,6.2,32
3,9/7/2023,31.5,75,762,6.2,36
48,8/9/2023,32.3,79,756,6.5,7
28,8/30/2023,29.1,62,400,6.1,28
59,8/3/2023,22.8,63,743,6.3,1
44,9/1/2023,31.7,59,751,6.4,30
67,8/15/2023,18.6,55,461,6.4,13
55,8/23/2023,19.0,66,665,6.2,21
46,9/10/2023,31.1,52,630,6.8,39
11,8/29/2023,28.7,72,695,6.5,27
37,8/25/2023,31.4,54,406,6.8,23
63,8/24/2023,18.8,65,750,6.4,22
54,8/7/2023,24.9,50,645,6.6,5
57,8/9/2023,20.8,56,626,6.2,7
40,8/10/2023,22.7,75,729,6.4,8
21,8/10/2023,22.7,60,625,6.1,8
37,8/17/2023,29.6,77,488,6.3,15
23,8/28/2023,29.4,75,685,6.1,26
23,9/1/2023,31.7,77,575,6.3,30
20,8/19/2023,30.8,66,722,6.1,17
30,8/21/2023,30.2,61,562,6.6,19
53,8/5/2023,20.0,69,632,6.3,3
8,9/14/2023,29.1,51,458,6.2,43
47,9/15/2023,30.6,56,724,6.4,44
1,8/30/2023,29.1,51,623,6.6,28
11,8/18/2023,30.9,80,704,6.6,16
12,8/23/2023,30.8,72,450,6.7,21
16,9/12/2023,31.2,80,732,6.6,41
2,8/13/2023,30.1,71,664,6.4,11
14,9/15/2023,30.6,57,645,6.1,44
7,8/30/2023,29.1,62,498,6.5,28
61,9/12/2023,20.9,65,661,6.0,41
29,8/7/2023,33.4,74,547,6.6,5
62,8/27/2023,19.2,69,562,6.5,25
14,9/1/2023,31.7,54,448,6.5,30
46,8/21/2023,30.2,70,534,6.4,19
29,8/11/2023,31.9,64,787,6.8,9
24,8/5/2023,33.4,72,704,6.5,3
8,8/17/2023,29.6,74,586,6.5,15
2,8/5/2023,33.4,55,749,6.7,3
3,8/19/2023,30.8,67,682,6.6,17
24,9/4/2023,32.0,69,491,6.1,33
51,8/25/2023,31.4,59,673,6.3,23
50,9/14/2023,29.1,51,731,6.2,43
26,8/10/2023,22.7,74,495,6.8,8
63,8/20/2023,19.2,80,721,6.5,18
51,9/4/2023,31.7,69,750,6.3,33
41,8/27/2023,30.1,64,437,6.7,25
39,9/3/2023,31.7,57,486,6.1,32
25,8/12/2023,30.2,77,453,6.4,10
44,8/24/2023,31.3,53,485,6.5,22
12,8/21/2023,30.2,58,595,6.5,19
51,8/19/2023,30.8,61,646,6.6,17
32,8/24/2023,31.3,58,573,6.6,22
61,9/11/2023,18.7,62,677,6.1,40
14,8/11/2023,31.9,76,630,6.7,9
33,9/9/2023,20.1,70,440,6.1,38
60,8/15/2023,21.9,74,465,6.8,13
2,8/18/2023,30.9,79,564,6.2,16
65,8/11/2023,19.4,79,443,6.1,9
15,9/3/2023,31.7,65,619,6.7,32
3,8/5/2023,33.4,65,636,6.7,3
15,8/29/2023,28.7,54,474,6.5,27
42,9/2/2023,31.7,73,683,6.3,31
7,8/8/2023,32.3,61,684,6.7,6
38,9/14/2023,29.1,63,545,6.3,43
8,9/9/2023,20.1,69,763,6.8,38
20,9/5/2023,32.0,71,486,6.7,34
43,9/5/2023,32.0,73,793,6.5,34
45,8/5/2023,33.4,70,595,6.2,3
65,8/27/2023,22.6,68,637,6.2,25
17,9/1/2023,31.7,73,657,6.3,30
48,9/3/2023,31.7,77,473,6.8,32
68,8/7/2023,23.5,80,647,6.2,5
1,9/14/2023,29.1,75,636,6.8,43
48,9/18/2023,31.5,51,527,6.2,47
5,8/22/2023,30.5,78,722,6.2,20
33,8/24/2023,31.3,76,680,6.0,22
47,8/21/2023,30.2,56,656,6.3,19
2,8/26/2023,31.4,64,529,6.2,24
42,8/21/2023,30.2,79,412,6.1,19
56,8/28/2023,18.1,58,695,6.0,26
50,8/15/2023,30.1,69,741,6.1,13
4,8/3/2023,33.4,62,547,6.7,1
18,8/23/2023,30.8,74,505,6.3,21
49,8/9/2023,32.3,53,674,6.7,7
48,8/4/2023,33.5,65,507,6.6,2
17,8/30/2023,29.1,80,632,6.5,28
12,9/8/2023,29.8,58,612,6.8,37
23,8/21/2023,30.2,69,791,6.4,19
54,8/30/2023,24.6,65,776,6.5,28
4,8/31/2023,29.2,63,604,6.5,29
6,8/21/2023,30.2,73,662,6.2,19
30,8/17/2023,29.6,64,467,6.1,15
45,8/28/2023,29.4,69,532,6.2,26
10,9/5/2023,32.0,72,440,6.2,34
30,9/13/2023,30.4,52,545,6.0,42
48,8/21/2023,30.2,55,648,6.4,19
30,8/15/2023,30.1,75,757,6.5,13
69,8/23/2023,19.7,50,613,6.4,21
48,8/26/2023,31.4,56,538,6.4,24
10,8/24/2023,31.3,64,746,6.3,22
47,9/12/2023,31.2,77,559,6.7,41
13,8/30/2023,29.1,75,719,6.4,28
56,9/9/2023,21.6,55,404,6.4,38
65,8/3/2023,21.9,77,605,6.7,1
41,9/8/2023,29.8,79,548,6.1,37
17,9/3/2023,31.7,53,461,6.3,32
9,8/24/2023,31.3,59,461,6.1,22
6,8/8/2023,32.3,65,482,6.7,6
61,9/9/2023,18.2,66,486,6.7,38
44,9/9/2023,20.1,56,764,6.4,38
6,9/9/2023,20.1,55,490,6.5,38
17,9/11/2023,31.2,72,786,6.3,40
48,9/10/2023,31.1,74,455,6.3,39
10,8/27/2023,30.1,77,560,6.5,25
15,9/5/2023,32.0,73,714,6.5,34
6,8/22/2023,30.5,63,553,6.5,20
49,8/30/2023,29.1,60,685,6.3,28
35,9/4/2023,31.7,60,495,6.5,33
48,8/18/2023,30.9,74,728,6.5,16
46,9/16/2023,31.5,58,739,6.3,45
62,8/8/2023,21.6,67,712,6.4,6
60,9/15/2023,22.0,74,753,6.7,44
64,9/15/2023,23.5,72,422,6.6,44
10,9/7/2023,31.5,72,603,6.4,36
33,8/20/2023,30.9,62,609,6.3,18
16,9/3/2023,31.7,62,657,6.4,32
56,9/16/2023,20.6,56,673,6.5,45
62,8/5/2023,20.5,78,555,6.0,3
46,8/14/2023,30.1,61,571,6.6,12
42,9/16/2023,31.5,56,648,6.7,45
26,9/3/2023,31.7,78,441,6.4,32
2,9/9/2023,20.1,63,785,6.3,38
57,8/30/2023,20.6,64,674,6.4,28
33,8/11/2023,31.9,66,603,6.8,9
42,9/8/2023,29.8,71,517,6.3,37
37,9/8/2023,29.8,76,435,6.3,37
45,8/11/2023,31.9,68,564,6.7,9
11,8/20/2023,30.9,61,565,6.4,18
12,8/15/2023,30.1,53,791,6.8,13
9,9/9/2023,20.1,66,644,6.4,38
9,8/20/2023,30.9,57,746,6.2,18
57,9/9/2023,18.4,79,716,6.6,38
48,8/28/2023,29.4,68,490,6.6,26
37,8/4/2023,33.5,57,764,6.1,2
67,9/4/2023,21.6,67,448,6.5,33
16,8/6/2023,33.4,56,588,6.0,4
28,8/16/2023,29.8,60,406,6.4,14
2,8/20/2023,30.9,71,527,6.2,18
19,9/3/2023,31.7,53,583,6.1,32
65,8/13/2023,22.3,68,540,6.4,11
58,9/9/2023,20.7,57,491,6.4,38
28,9/7/2023,31.5,54,718,6.4,36
5,9/10/2023,31.1,76,573,6.4,39
49,8/22/2023,30.5,58,594,6.6,20
9,8/9/2023,32.3,62,538,6.6,7
41,8/15/2023,30.1,73,584,6.8,13
60,8/13/2023,20.9,65,784,6.5,11
67,9/15/2023,19.9,60,711,6.3,44
61,8/31/2023,22.4,80,773,6.6,29
63,9/1/2023,21.8,71,444,6.8,30
1,8/12/2023,30.2,59,607,6.2,10
43,9/14/2023,29.1,77,496,6.2,43
41,8/29/2023,28.7,72,575,6.6,27
16,8/26/2023,31.4,67,462,6.0,24
6,8/28/2023,29.4,76,515,6.5,26
36,9/2/2023,31.7,65,599,6.3,31
9,8/25/2023,31.4,61,667,6.2,23
35,9/11/2023,31.2,51,566,6.0,40
21,8/16/2023,29.8,54,418,6.8,14
45,9/16/2023,31.5,62,498,6.8,45
57,8/7/2023,19.8,55,400,6.5,5
27,9/14/2023,29.1,54,658,6.5,43
43,9/16/2023,31.5,56,750,6.4,45
17,8/11/2023,31.9,58,735,6.1,9
1,9/12/2023,31.2,62,576,6.7,41
20,8/5/2023,33.4,60,483,6.7,3
12,9/6/2023,32.1,55,537,6.0,35
59,8/31/2023,24.9,61,582,6.3,29
31,8/12/2023,30.2,58,599,6.7,10
26,8/11/2023,31.9,79,709,6.1,9
23,9/2/2023,31.7,71,449,6.2,31
9,8/8/2023,32.3,70,658,6.3,6
15,8/30/2023,29.1,75,543,6.1,28
8,9/7/2023,31.5,75,555,6.6,36
22,8/14/2023,30.1,75,713,6.8,12
30,9/8/2023,29.8,80,574,6.4,37
23,9/6/2023,32.1,76,749,6.3,35
11,8/15/2023,30.1,64,511,6.5,13
31,9/6/2023,32.1,64,422,6.4,35
62,8/11/2023,20.4,62,503,6.2,9
35,8/10/2023,22.7,74,471,6.5,8
28,9/1/2023,31.7,58,710,6.1,30
47,8/15/2023,30.1,64,766,6.0,13
35,8/16/2023,29.8,59,720,6.2,14
61,8/22/2023,20.9,59,724,6.4,20
28,8/26/2023,31.4,76,624,6.3,24
38,8/25/2023,31.4,72,427,6.3,23
28,8/28/2023,29.4,50,626,6.0,26
65,9/15/2023,21.8,58,679,6.0,44
2,9/6/2023,32.1,75,697,6.3,35
26,9/7/2023,31.5,55,632,6.4,36
18,9/10/2023,31.1,61,408,6.5,39
41,9/12/2023,31.2,51,716,6.7,41
50,8/4/2023,33.5,78,550,6.1,2
62,8/20/2023,21.8,55,470,6.0,18
47,8/26/2023,31.4,50,429,6.7,24
3,9/15/2023,30.6,58,479,6.7,44
26,8/6/2023,33.4,55,423,6.4,4
21,8/25/2023,31.4,60,640,6.8,23
21,8/20/2023,30.9,63,785,6.4,18
19,8/5/2023,33.4,72,646,6.1,3
34,9/6/2023,32.1,54,435,6.2,35
27,9/4/2023,31.7,52,400,6.5,33
11,9/18/2023,31.2,75,519,6.3,47
70,8/12/2023,24.3,64,656,6.3,10
53,9/13/2023,20.4,56,787,6.1,42
45,8/7/2023,33.4,51,727,6.5,5
54,9/7/2023,18.8,80,575,6.8,36
44,8/14/2023,30.1,58,580,6.0,12
31,8/25/2023,31.4,80,461,6.3,23
20,8/31/2023,29.2,52,612,6.8,29
19,8/10/2023,22.7,75,693,6.5,8
69,8/8/2023,20.5,63,633,6.6,6
56,9/3/2023,21.5,63,671,6.8,32
38,8/9/2023,32.3,78,430,6.2,7
61,8/7/2023,20.8,54,527,6.5,5
60,9/5/2023,24.5,54,587,6.4,34
59,9/2/2023,21.8,73,800,6.7,31
15,8/15/2023,30.1,57,490,6.5,13
4,9/7/2023,31.5,60,647,6.5,36
1,9/10/2023,31.1,64,478,6.0,39
67,9/6/2023,21.4,70,442,6.7,35
16,8/31/2023,29.2,64,662,6.4,29
3,8/3/2023,33.4,51,667,6.2,1
69,9/14/2023,24.9,59,494,6.8,43
27,8/26/2023,31.4,50,494,6.0,24
61,9/14/2023,18.1,58,795,6.2,43
62,9/7/2023,20.4,72,564,6.1,36
41,8/18/2023,30.9,52,739,6.8,16
26,8/21/2023,30.2,52,513,6.6,19
30,8/10/2023,22.7,76,587,6.4,8
5,9/3/2023,31.7,67,468,6.2,32
12,8/8/2023,32.3,71,515,6.6,6
38,8/6/2023,33.4,77,557,6.0,4
11,9/13/2023,30.4,60,690,6.3,42
58,9/12/2023,20.6,70,571,6.4,41
41,9/16/2023,31.5,69,623,6.5,45
31,8/29/2023,28.7,76,749,6.3,27
34,8/25/2023,31.4,50,546,6.4,23
53,9/4/2023,23.0,70,484,6.2,33
64,8/27/2023,24.6,67,711,6.5,25
46,9/11/2023,31.2,56,638,6.6,40
34,9/15/2023,30.6,78,481,6.2,44
27,9/7/2023,31.5,70,420,6.7,36
32,8/12/2023,30.2,76,701,6.2,10
49,9/15/2023,30.6,57,529,6.1,44
59,9/9/2023,24.9,61,419,6.6,38
37,9/16/2023,31.5,69,426,6.0,45
27,8/18/2023,30.9,75,716,6.4,16
35,8/3/2023,33.4,66,592,6.4,1
57,8/5/2023,24.1,60,716,6.7,3
21,9/14/2023,29.1,50,661,6.2,43
17,8/22/2023,30.5,58,542,6.6,20
6,8/7/2023,33.4,62,521,6.7,5
17,8/4/2023,33.5,66,627,6.2,2
70,9/9/2023,21.6,80,506,6.7,38
26,8/22/2023,30.5,55,473,6.3,20
61,8/6/2023,18.2,69,530,6.5,4
55,8/4/2023,22.8,74,635,6.6,2
27,8/30/2023,29.1,73,726,6.2,28
24,8/21/2023,30.5,69,747,6.7,19
48,9/1/2023,31.7,72,578,6.4,30
24,8/18/2023,30.8,67,412,6.5,16
26,9/2/2023,31.7,61,663,6.7,31
33,9/12/2023,31.2,63,664,6.8,41
58,9/7/2023,18.4,60,420,6.2,36
20,8/21/2023,30.2,61,458,6.7,19
4,8/9/2023,32.3,65,598,6.4,7
69,9/1/2023,20.2,55,746,6.6,30
19,9/1/2023,31.7,50,459,6.4,30
16,9/4/2023,31.7,62,659,6.8,33
69,8/31/2023,20.5,56,404,6.5,29
56,8/13/2023,23.7,54,428,6.4,11
6,9/6/2023,32.1,61,517,6.7,35
2,9/2/2023,31.7,73,598,6.5,31
56,8/3/2023,24.9,73,728,6.7,1
9,8/31/2023,29.2,54,784,6.0,29
67,8/13/2023,22.6,64,791,6.7,11
50,8/8/2023,32.3,72,470,6.4,6
66,8/20/2023,20.0,53,567,6.6,18
9,9/1/2023,31.7,66,597,6.1,30
31,8/6/2023,33.4,65,506,6.8,4
59,8/20/2023,20.1,66,629,6.2,18
43,8/4/2023,33.5,71,584,6.7,2
14,8/3/2023,33.4,56,535,6.2,1
47,8/30/2023,29.1,60,404,6.7,28
29,8/27/2023,30.1,79,414,6.3,25
41,8/12/2023,30.2,74,682,6.7,10
20,8/9/2023,32.3,69,767,6.3,7
68,9/13/2023,22.5,69,551,6.1,42
52,8/20/2023,18.7,68,529,6.4,18
35,8/9/2023,32.3,79,747,6.7,7
1,9/8/2023,29.8,68,577,6.3,37
60,8/3/2023,20.2,65,527,6.5,1
48,8/19/2023,30.8,62,584,6.7,17
60,9/3/2023,21.8,55,754,6.2,32
22,8/24/2023,31.3,51,542,6.3,22
35,9/1/2023,31.7,72,763,6.6,30
25,9/2/2023,31.7,73,416,6.5,31
50,8/23/2023,30.8,59,797,6.5,21
56,8/15/2023,20.2,66,696,6.6,13
42,9/7/2023,31.5,58,634,6.6,36
15,9/7/2023,31.5,52,501,6.0,36
16,9/15/2023,30.6,52,703,6.5,44
9,9/17/2023,31.3,66,505,6.2,46
34,8/22/2023,30.5,56,725,6.7,20
37,8/20/2023,30.9,75,798,6.6,18
19,8/7/2023,33.4,65,661,6.3,5
14,8/24/2023,31.3,66,498,6.2,22
3,8/27/2023,30.1,80,661,6.7,25
10,8/7/2023,33.4,53,527,6.3,5
36,9/10/2023,31.1,75,453,6.4,39
59,8/27/2023,20.8,65,437,6.1,25
69,8/28/2023,23.0,52,592,6.1,26
2,9/16/2023,31.5,79,719,6.7,45
47,8/3/2023,33.4,51,578,6.3,1
17,8/25/2023,31.4,75,552,6.1,23
57,8/12/2023,19.8,57,678,6.2,10
36,9/15/2023,30.6,58,550,6.8,44
1,8/14/2023,30.1,54,535,6.4,12
55,8/3/2023,18.7,65,603,6.3,1
7,8/12/2023,30.2,80,782,6.5,10
24,8/22/2023,30.8,57,716,6.1,20
27,8/12/2023,30.2,80,577,6.5,10
32,9/5/2023,32.0,62,495,6.2,34
66,8/22/2023,19.5,55,525,6.5,20
66,8/21/2023,20.7,63,666,6.0,19
64,8/16/2023,20.4,62,616,6.2,14
35,8/29/2023,28.7,77,554,6.5,27
54,8/31/2023,18.5,67,786,6.7,29
61,8/10/2023,18.7,78,786,6.3,8
38,8/13/2023,30.1,55,577,6.6,11
19,9/2/2023,31.7,60,401,6.5,31
49,9/5/2023,32.0,65,548,6.6,34
20,9/1/2023,31.7,75,502,6.5,30
11,9/10/2023,31.1,67,552,6.5,39
51,9/13/2023,30.4,54,579,6.2,42
40,8/18/2023,30.9,62,560,6.2,16
8,8/16/2023,29.8,51,649,6.4,14
12,8/13/2023,30.1,59,712,6.1,11
30,9/3/2023,31.7,77,777,6.5,32
23,8/17/2023,29.6,63,546,6.7,15
66,8/29/2023,20.7,60,590,6.3,27
66,8/24/2023,20.7,64,636,6.0,22
40,8/17/2023,29.6,76,505,6.6,15
57,9/4/2023,23.9,65,473,6.0,33
40,8/21/2023,30.2,78,735,6.1,19
46,9/5/2023,32.0,73,650,6.3,34
8,9/6/2023,32.1,50,605,6.4,35
67,8/28/2023,18.8,57,798,6.0,26
29,9/12/2023,31.2,66,489,6.7,41
37,8/6/2023,33.4,62,661,6.2,4
13,8/3/2023,33.4,59,544,6.8,1
53,9/6/2023,20.1,79,573,6.7,35
55,9/7/2023,24.5,55,733,6.1,36
56,9/1/2023,24.6,68,769,6.2,30
51,8/4/2023,33.5,68,571,6.7,2
28,8/3/2023,33.4,58,557,6.8,1
63,8/28/2023,19.2,76,521,6.1,26
22,8/4/2023,33.5,63,800,6.5,2
40,8/9/2023,32.3,69,541,6.5,7
48,8/17/2023,29.6,55,700,6.7,15
23,8/10/2023,22.7,80,475,6.2,8
25,8/3/2023,33.4,53,598,6.7,1
63,8/22/2023,23.3,67,527,6.4,20
22,9/12/2023,31.2,65,724,6.3,41
38,8/5/2023,33.4,66,634,6.2,3
4,8/19/2023,30.8,77,518,6.7,17
66,8/3/2023,19.5,72,445,6.6,1
13,9/2/2023,31.7,77,626,6.2,31
33,8/21/2023,30.2,75,676,6.2,19
16,8/21/2023,30.2,64,426,6.6,19
27,9/2/2023,31.7,66,793,6.5,31
20,9/2/2023,31.7,68,742,6.5,31
11,9/1/2023,31.7,55,765,6.5,30
13,8/12/2023,30.2,73,546,6.8,10
26,8/7/2023,33.4,70,410,6.0,5
25,8/30/2023,29.1,68,679,6.5,28
12,8/10/2023,22.7,58,517,6.2,8
14,9/10/2023,31.1,69,536,6.0,39
61,8/17/2023,18.4,80,494,6.5,15
37,9/4/2023,31.7,68,416,6.4,33
23,8/14/2023,30.1,67,547,6.8,12
43,9/1/2023,31.7,51,753,6.3,30
26,8/16/2023,29.8,53,523,6.8,14
66,8/26/2023,21.5,77,711,6.5,24
3,8/29/2023,28.7,73,629,6.6,27
17,8/12/2023,30.2,58,462,6.0,10
65,8/26/2023,23.8,57,768,6.1,24
44,8/30/2023,29.1,60,548,6.8,28
24,9/6/2023,31.5,50,591,6.0,35
40,9/15/2023,30.6,71,621,6.7,44
19,8/12/2023,30.2,79,486,6.8,10
3,9/1/2023,31.7,76,799,6.3,30
15,8/19/2023,30.8,80,501,6.5,17
64,9/8/2023,18.9,68,781,6.1,37
63,9/9/2023,18.8,57,482,6.0,38
69,8/20/2023,19.5,55,473,6.2,18
14,9/12/2023,31.2,53,795,6.4,41
9,8/5/2023,33.4,70,671,6.3,3
6,9/10/2023,31.1,71,555,6.2,39
60,9/2/2023,23.1,57,734,6.4,31
2,8/4/2023,33.5,65,433,6.8,2
22,9/7/2023,31.5,67,428,6.0,36
20,8/13/2023,30.1,72,747,6.5,11
17,9/14/2023,29.1,57,743,6.6,43
27,9/9/2023,20.1,60,500,6.5,38
25,9/6/2023,32.1,73,416,6.2,35
1,8/7/2023,33.4,74,637,6.5,5
36,8/11/2023,31.9,67,702,6.1,9
52,8/5/2023,24.4,67,710,6.0,3
68,8/4/2023,20.8,55,692,6.4,2
55,9/19/2023,31.5,51,527,6.2,47
24,9/2/2023,31.7,76,664,6.6,31
19,8/19/2023,30.8,73,415,6.5,17
15,9/13/2023,30.4,75,561,6.1,42
38,9/10/2023,31.1,52,548,6.6,39
52,9/15/2023,19.2,65,560,6.1,44
58,9/6/2023,19.6,63,679,6.4,35
53,8/10/2023,23.0,63,440,6.1,8
49,8/26/2023,31.4,60,773,6.3,24
26,8/14/2023,30.1,78,482,6.1,12
13,8/27/2023,30.1,53,740,6.7,25
2,8/8/2023,32.3,78,697,6.3,6
19,9/4/2023,31.7,76,434,6.8,33
44,9/7/2023,31.5,63,697,6.7,36
41,8/14/2023,30.1,69,668,6.1,12
19,8/15/2023,30.1,71,763,6.3,13
25,8/26/2023,31.4,72,467,6.5,24
26,9/1/2023,31.7,61,731,6.4,30
56,8/29/2023,20.0,60,671,6.5,27
43,8/7/2023,33.4,51,473,6.3,5
22,8/18/2023,30.9,56,734,6.6,16
60,8/31/2023,19.9,79,439,6.1,29
9,9/4/2023,31.7,55,468,6.2,33
57,8/25/2023,21.7,55,760,6.1,23
53,8/17/2023,22.0,77,646,6.7,15
1,8/22/2023,30.5,51,527,6.4,20
15,9/16/2023,31.5,57,783,6.7,45
1,9/7/2023,31.5,68,416,6.2,36
67,8/5/2023,19.0,59,446,6.1,3
12,8/22/2023,30.5,54,463,6.1,20
55,8/14/2023,19.5,61,561,6.7,12
21,8/12/2023,30.2,67,460,6.6,10
41,9/1/2023,31.7,53,402,6.5,30
42,9/5/2023,32.0,52,497,6.3,34
12,9/4/2023,31.7,73,693,6.5,33
38,8/31/2023,29.2,74,565,6.5,29
69,8/19/2023,22.7,53,531,6.6,17
6,8/18/2023,30.9,59,666,6.4,16
18,8/11/2023,31.9,76,407,6.7,9
32,8/5/2023,33.4,58,499,6.1,3
57,8/3/2023,19.5,56,733,6.4,1
4,8/20/2023,30.9,66,490,6.3,18
38,8/12/2023,30.2,60,728,6.8,10
14,9/2/2023,31.7,51,472,6.4,31
61,8/18/2023,23.4,77,620,6.8,16
68,8/8/2023,22.0,79,626,6.2,6
30,9/1/2023,31.7,74,749,6.2,30
13,8/22/2023,30.5,66,693,6.2,20
69,8/21/2023,21.8,64,583,6.6,19
39,9/8/2023,29.8,62,434,6.7,37
41,8/7/2023,33.4,58,601,6.5,5
46,8/31/2023,29.2,71,596,6.7,29
3,9/9/2023,20.1,80,428,6.5,38
70,8/25/2023,18.4,51,750,6.5,23
45,8/17/2023,29.6,58,475,6.3,15
22,8/27/2023,30.1,72,402,6.1,25
70,8/22/2023,22.2,57,425,6.6,20
5,8/8/2023,32.3,50,481,6.5,6
26,8/5/2023,33.4,51,774,6.7,3
22,9/8/2023,29.8,71,665,6.4,37
16,8/17/2023,29.6,64,439,6.1,15
14,8/14/2023,30.1,75,769,6.5,12
4,9/15/2023,30.6,58,764,6.4,44
7,8/29/2023,28.7,63,541,6.0,27
57,8/10/2023,22.7,75,689,6.3,8
65,9/10/2023,19.0,76,769,6.3,39
24,8/16/2023,29.6,69,566,6.0,14
66,9/9/2023,23.7,73,669,6.1,38
68,8/10/2023,21.3,74,663,6.7,8
57,8/31/2023,20.8,57,732,6.3,29
24,8/25/2023,31.4,51,547,6.3,23
56,9/4/2023,22.8,68,460,6.6,33
49,9/3/2023,31.7,68,566,6.4,32
28,8/19/2023,30.8,51,529,6.7,17
1,8/19/2023,30.8,57,580,6.2,17
70,8/28/2023,21.9,76,752,6.7,26
12,9/13/2023,30.4,56,507,6.4,42
15,8/21/2023,30.2,69,493,6.0,19
64,8/9/2023,22.5,58,766,6.2,7
64,9/11/2023,22.4,78,732,6.3,40
34,8/10/2023,22.7,58,589,6.4,8
22,8/6/2023,33.4,50,721,6.0,4
52,8/25/2023,22.7,62,666,6.5,23
18,8/24/2023,31.3,73,414,6.6,22
5,9/12/2023,31.2,72,738,6.2,41
46,9/9/2023,20.1,80,501,6.0,38
40,9/4/2023,31.7,54,479,6.2,33
55,9/13/2023,19.4,57,724,6.5,42
70,8/8/2023,22.2,67,577,6.3,6
51,8/16/2023,29.8,56,691,6.3,14
47,8/6/2023,33.4,70,522,6.2,4
38,8/19/2023,30.8,75,526,6.7,17
62,9/6/2023,20.9,74,523,6.8,35
23,9/16/2023,30.6,55,776,6.6,45
11,8/14/2023,30.1,50,620,6.1,12
21,9/15/2023,30.6,76,528,6.4,44
70,8/24/2023,19.2,56,515,6.4,22
61,8/20/2023,24.4,51,679,6.6,18
14,9/16/2023,31.5,75,663,6.5,45
67,9/5/2023,23.8,76,771,6.5,34
27,9/8/2023,29.8,56,421,6.6,37
26,8/24/2023,31.3,67,548,6.2,22
32,8/11/2023,31.9,77,705,6.7,9
64,8/19/2023,19.6,61,407,6.7,17
34,9/2/2023,31.7,68,597,6.7,31
69,8/9/2023,24.2,80,658,6.1,7
29,8/31/2023,29.2,67,653,6.6,29
67,9/12/2023,23.8,78,704,6.0,41
63,9/12/2023,18.8,66,459,6.4,41
36,8/19/2023,30.8,80,509,6.6,17
4,8/26/2023,31.4,53,402,6.7,24
38,8/30/2023,29.1,57,702,6.4,28
22,8/3/2023,33.4,70,620,6.2,1
69,8/3/2023,20.1,75,478,6.1,1
20,8/14/2023,30.1,75,611,6.4,12
43,8/20/2023,30.9,80,688,6.7,18
42,8/30/2023,29.1,79,673,6.5,28
49,8/29/2023,28.7,50,583,6.7,27
3,8/11/2023,31.9,62,531,6.7,9
67,8/3/2023,22.0,68,782,6.1,1
57,8/23/2023,23.2,68,688,6.7,21
6,8/26/2023,31.4,52,500,6.2,24
3,8/16/2023,29.8,69,566,6.1,14
32,9/10/2023,31.1,80,458,6.1,39
32,9/8/2023,29.8,77,681,6.1,37
37,8/19/2023,30.8,73,764,6.6,17
13,9/8/2023,29.8,62,423,6.8,37
14,9/4/2023,31.7,67,698,6.4,33
38,8/22/2023,30.5,53,421,6.6,20
47,8/22/2023,30.5,54,758,6.5,20
49,8/28/2023,29.4,62,711,6.4,26
9,9/8/2023,29.8,61,629,6.7,37
26,8/20/2023,30.9,53,592,6.4,18
50,9/8/2023,29.8,56,747,6.4,37
64,8/13/2023,24.1,65,451,6.3,11
38,8/8/2023,32.3,67,745,6.1,6
46,8/22/2023,30.5,65,425,6.2,20
70,8/9/2023,23.8,50,599,6.4,7
10,9/11/2023,31.2,71,586,6.1,40
51,9/9/2023,20.1,54,457,6.4,38
30,8/13/2023,30.1,69,783,6.7,11
46,8/15/2023,30.1,72,408,6.2,13
20,8/17/2023,29.6,79,626,6.2,15
69,8/6/2023,22.0,73,673,6.5,4
14,8/31/2023,29.2,73,505,6.0,29
53,9/11/2023,24.6,51,413,6.5,40
65,9/9/2023,23.7,64,696,6.7,38
40,8/23/2023,30.8,58,444,6.7,21
6,9/4/2023,31.7,77,456,6.8,33
37,8/5/2023,33.4,67,655,6.5,3
32,9/3/2023,31.7,68,558,6.7,32
49,8/27/2023,30.1,78,586,6.3,25
44,8/25/2023,31.4,74,693,6.7,23
56,8/31/2023,24.4,67,425,6.7,29
40,9/7/2023,31.5,53,407,6.2,36
15,8/3/2023,33.4,61,555,6.1,1
53,9/3/2023,23.8,50,565,6.2,32
58,8/18/2023,21.0,59,766,6.1,16
67,8/6/2023,23.7,69,758,6.4,4
44,8/15/2023,30.1,58,765,6.5,13
11,9/2/2023,31.7,67,473,6.7,31
41,9/3/2023,31.7,61,558,6.6,32
39,8/15/2023,30.1,61,705,6.7,13
65,8/16/2023,18.8,61,745,6.8,14
4,8/12/2023,30.2,66,762,6.3,10
34,9/9/2023,20.1,60,560,6.4,38
44,9/11/2023,31.2,58,518,6.6,40
31,8/10/2023,22.7,79,768,6.6,8
55,8/9/2023,24.2,56,424,6.8,7
69,8/25/2023,18.5,52,655,6.4,23
63,8/6/2023,23.0,50,577,6.1,4
15,8/22/2023,30.5,80,578,6.3,20
40,8/30/2023,29.1,54,424,6.7,28
56,8/22/2023,23.7,54,755,6.1,20
5,8/4/2023,33.5,53,684,6.6,2
26,8/13/2023,30.1,73,515,6.6,11
14,8/16/2023,29.8,52,798,6.6,14
49,8/20/2023,30.9,62,456,6.6,18
62,9/8/2023,19.1,72,462,6.5,37
43,8/31/2023,29.2,62,638,6.3,29
5,8/15/2023,30.1,75,675,6.8,13
65,9/5/2023,24.6,51,638,6.8,34
52,8/21/2023,23.5,67,506,6.4,19
7,8/21/2023,30.2,51,619,6.3,19
17,9/7/2023,31.5,73,400,6.8,36
9,9/5/2023,32.0,66,680,6.4,34
3,9/4/2023,31.7,50,516,6.5,33
5,8/20/2023,30.9,57,502,6.7,18
19,8/17/2023,29.6,75,587,6.1,15
51,9/2/2023,31.7,58,432,6.4,31
32,9/4/2023,31.7,58,730,6.0,33
39,8/14/2023,30.1,51,786,6.2,12
38,8/21/2023,30.2,69,676,6.0,19
69,8/16/2023,21.9,66,547,6.5,14
38,9/2/2023,31.7,79,727,6.4,31
68,9/15/2023,24.6,74,507,6.5,44
26,8/19/2023,30.8,70,740,6.2,17
37,9/1/2023,31.7,50,646,6.7,30
54,9/5/2023,23.9,57,724,6.3,34
39,9/9/2023,20.1,70,710,6.1,38
19,9/5/2023,32.0,76,563,6.6,34
36,8/5/2023,33.4,51,487,6.1,3
51,8/6/2023,33.4,59,619,6.4,4
15,8/4/2023,33.5,57,584,6.3,2
1,8/4/2023,33.5,53,451,6.1,2
48,9/5/2023,32.0,61,538,6.4,34
16,8/16/2023,29.8,71,654,6.2,14
37,8/7/2023,33.4,79,410,6.4,5
29,8/22/2023,30.5,51,548,6.3,20
67,9/1/2023,21.5,68,461,6.5,30
55,9/17/2023,31.6,69,539,6.6,45
34,8/26/2023,31.4,53,717,6.6,24
41,9/13/2023,30.4,64,551,6.1,42
25,9/16/2023,31.5,58,429,6.5,45
68,8/31/2023,18.3,78,663,6.2,29
36,9/16/2023,31.5,58,769,6.1,45
45,8/9/2023,32.3,59,410,6.2,7
15,8/26/2023,31.4,63,759,6.1,24
15,9/15/2023,30.6,60,708,6.0,44
28,9/2/2023,31.7,56,641,6.5,31
7,9/14/2023,29.1,60,459,6.6,43
15,8/11/2023,31.9,79,779,6.5,9
32,8/30/2023,29.1,53,796,6.8,28
33,8/30/2023,29.1,60,446,6.2,28
16,8/27/2023,30.1,51,626,6.1,25
29,8/13/2023,30.1,71,464,6.7,11
40,8/4/2023,33.5,75,796,6.5,2
22,8/19/2023,30.8,67,479,6.7,17
60,8/5/2023,18.0,74,747,6.1,3
60,8/10/2023,23.3,72,666,6.3,8
29,9/6/2023,32.1,71,428,6.5,35
31,9/10/2023,31.1,59,526,6.4,39
32,8/4/2023,33.5,53,715,6.0,2
50,8/21/2023,30.2,78,776,6.6,19
33,9/16/2023,31.5,77,466,6.3,45
46,8/4/2023,33.5,63,582,6.8,2
34,9/4/2023,31.7,52,756,6.3,33
37,9/3/2023,31.7,79,412,6.7,32
30,9/9/2023,20.1,65,545,6.3,38
69,8/12/2023,22.3,79,405,6.2,10
69,9/3/2023,18.2,51,429,6.0,32
37,8/14/2023,30.1,79,780,6.5,12
24,8/7/2023,32.3,76,608,6.3,5
18,8/22/2023,30.5,69,413,6.1,20
60,8/23/2023,24.2,66,684,6.2,21
36,8/13/2023,30.1,64,442,6.2,11
58,8/24/2023,24.2,76,524,6.0,22
61,8/14/2023,19.5,64,657,6.1,12
58,9/14/2023,19.4,63,467,6.5,43
41,8/10/2023,22.7,62,657,6.7,8
39,8/3/2023,33.4,75,416,6.6,1
27,8/4/2023,33.5,55,758,6.3,2
57,9/7/2023,21.8,76,560,6.7,36
24,8/15/2023,29.8,74,576,6.3,13
12,9/7/2023,31.5,69,630,6.4,36
38,8/4/2023,33.5,56,507,6.2,2
62,9/5/2023,22.3,78,406,6.4,34
68,8/21/2023,19.7,57,513,6.2,19
56,9/12/2023,18.1,64,676,6.4,41
39,9/7/2023,31.5,67,522,6.2,36
43,8/24/2023,31.3,62,625,6.2,22
3,8/8/2023,32.3,80,794,6.4,6
23,8/22/2023,30.5,67,577,6.3,20
13,8/16/2023,29.8,75,739,6.7,14
62,8/30/2023,21.3,73,434,6.0,28
19,9/14/2023,29.1,51,437,6.1,43
33,9/4/2023,31.7,77,497,6.7,33
65,9/13/2023,21.6,50,417,6.1,42
42,8/27/2023,30.1,64,545,6.2,25
23,9/9/2023,20.1,73,572,6.7,38
5,8/24/2023,31.3,57,587,6.5,22
9,8/28/2023,29.4,74,445,6.1,26
63,9/6/2023,22.0,71,780,6.5,35
20,8/7/2023,33.4,72,430,6.0,5
9,9/2/2023,31.7,77,501,6.4,31
63,8/9/2023,18.4,68,638,6.1,7
68,8/14/2023,23.0,51,737,6.6,12
23,8/30/2023,29.1,67,755,6.8,28
60,8/20/2023,23.6,71,471,6.6,18
33,9/5/2023,32.0,74,501,6.3,34
59,9/4/2023,22.0,69,543,6.1,33
22,8/7/2023,33.4,65,571,6.3,5
35,8/31/2023,29.2,61,748,6.4,29
62,8/13/2023,18.3,61,739,6.7,11
42,9/10/2023,31.1,62,687,6.1,39
61,8/16/2023,24.3,61,670,6.1,14
48,8/22/2023,30.5,61,564,6.6,20
18,8/31/2023,29.2,73,772,6.6,29
39,9/1/2023,31.7,58,758,6.1,30
55,8/13/2023,22.2,63,697,6.1,11
11,9/16/2023,31.5,79,508,6.5,45
66,9/6/2023,21.1,76,653,6.5,35
18,8/6/2023,33.4,55,451,6.5,4
42,8/9/2023,32.3,61,605,6.5,7
5,8/18/2023,30.9,78,778,6.0,16
49,8/11/2023,31.9,77,586,6.4,9
47,8/9/2023,32.3,80,491,6.5,7
51,8/17/2023,29.6,77,776,6.6,15
40,9/1/2023,31.7,55,551,6.5,30
9,8/14/2023,30.1,72,473,6.6,12
52,8/30/2023,21.5,63,585,6.6,28
10,8/8/2023,32.3,75,658,6.3,6
38,8/24/2023,31.3,62,581,6.6,22
9,8/27/2023,30.1,50,775,6.6,25
59,8/15/2023,22.3,52,791,6.6,13
34,8/28/2023,29.4,63,782,6.3,26
26,8/28/2023,29.4,57,402,6.5,26
33,9/15/2023,30.6,76,644,6.8,44
60,8/25/2023,24.9,73,678,6.4,23
45,9/7/2023,31.5,62,550,6.5,36
26,8/18/2023,30.9,67,735,6.2,16
31,8/8/2023,32.3,51,757,6.6,6
57,9/3/2023,21.1,71,596,6.1,32
2,8/22/2023,30.5,62,732,6.3,20
46,8/28/2023,29.4,71,765,6.1,26
26,9/15/2023,30.6,58,791,6.1,44
11,9/6/2023,32.1,56,519,6.7,35
9,8/15/2023,30.1,52,602,6.3,13
50,8/19/2023,30.8,61,635,6.6,17
17,9/4/2023,31.7,68,424,6.6,33
51,8/3/2023,33.4,72,524,6.6,1
18,8/18/2023,30.9,50,408,6.0,16
24,9/1/2023,31.7,59,532,6.5,30
20,8/15/2023,30.1,72,562,6.0,13
8,8/18/2023,30.9,70,415,6.6,16
62,8/7/2023,24.1,53,590,6.1,5
52,9/6/2023,23.3,51,495,6.1,35
23,8/18/2023,30.9,74,612,6.5,16
29,8/6/2023,33.4,71,707,6.6,4
10,9/14/2023,29.1,63,782,6.5,43
18,9/11/2023,31.2,70,555,6.3,40
52,8/11/2023,19.1,66,730,6.3,9
22,9/11/2023,31.2,72,765,6.2,40
44,9/6/2023,32.1,73,470,6.5,35
5,8/19/2023,30.8,68,678,6.1,17
4,8/27/2023,30.1,66,652,6.6,25
35,9/9/2023,20.1,50,423,6.3,38
62,8/17/2023,24.0,51,570,6.3,15
55,8/8/2023,18.8,64,656,6.5,6
16,8/20/2023,30.9,69,402,6.5,18
34,8/6/2023,33.4,71,418,6.1,4
25,9/9/2023,20.1,79,420,6.1,38
58,9/2/2023,20.9,54,608,6.7,31
23,8/23/2023,30.8,59,798,6.2,21
68,9/12/2023,24.9,77,500,6.8,41
35,9/15/2023,30.6,59,404,6.1,44
44,8/11/2023,31.9,71,609,6.4,9
50,9/6/2023,32.1,77,577,6.2,35
1,9/6/2023,32.1,76,709,6.0,35
17,9/16/2023,31.5,61,710,6.6,45
57,8/22/2023,19.8,55,718,6.3,20
33,8/29/2023,28.7,78,423,6.2,27
67,8/18/2023,21.3,62,765,6.7,16
31,8/31/2023,29.2,51,505,6.2,29
48,8/15/2023,30.1,52,761,6.4,13
31,8/4/2023,33.5,53,614,6.5,2
66,8/5/2023,24.6,65,765,6.5,3
58,9/1/2023,24.9,80,755,6.4,30
63,8/19/2023,19.9,74,431,6.0,17
46,8/7/2023,33.4,66,505,6.6,5
6,8/14/2023,30.1,64,490,6.6,12
46,8/27/2023,30.1,58,534,6.8,25
53,8/12/2023,18.3,60,493,6.6,10
14,8/8/2023,32.3,51,574,6.7,6
54,9/8/2023,21.3,57,442,6.3,37
29,8/28/2023,29.4,59,795,6.3,26
49,9/12/2023,31.2,57,757,6.3,41
64,9/7/2023,20.3,69,615,6.1,36
46,9/3/2023,31.7,80,507,6.5,32
15,8/9/2023,32.3,71,741,6.2,7
34,9/3/2023,31.7,64,764,6.3,32
64,8/29/2023,20.7,55,673,6.7,27
28,9/12/2023,31.2,60,774,6.8,41
42,9/14/2023,29.1,63,703,6.4,43
13,8/15/2023,30.1,73,476,6.3,13
70,8/11/2023,23.0,54,650,6.6,9
61,8/19/2023,22.7,70,485,6.0,17
67,8/20/2023,23.9,54,655,6.3,18
5,8/7/2023,33.4,67,571,6.7,5
40,9/11/2023,31.2,60,673,6.3,40
22,8/22/2023,30.5,52,534,6.2,20
61,9/1/2023,24.7,52,737,6.7,30
46,8/13/2023,30.1,51,634,6.7,11
57,8/24/2023,18.1,50,408,6.6,22
24,9/7/2023,29.8,61,604,6.0,36
11,8/19/2023,30.8,76,466,6.1,17
65,8/9/2023,19.3,66,661,6.0,7
17,8/19/2023,30.8,52,595,6.8,17
51,9/8/2023,29.8,51,518,6.7,37
1,8/24/2023,31.3,73,645,6.6,22
11,8/4/2023,33.5,63,706,6.6,2
27,8/5/2023,33.4,75,676,6.5,3
52,8/18/2023,18.3,70,510,6.6,16
21,9/16/2023,31.5,67,454,6.4,45
27,9/5/2023,32.0,61,772,6.7,34
54,9/6/2023,21.7,64,679,6.4,35
64,8/3/2023,18.2,52,549,6.5,1
34,8/21/2023,30.2,58,748,6.2,19
53,9/9/2023,18.7,52,669,6.7,38
17,9/10/2023,31.1,68,648,6.0,39
38,8/11/2023,31.9,68,520,6.6,9
3,9/12/2023,31.2,69,403,6.6,41
65,8/24/2023,20.7,76,788,6.2,22
48,8/11/2023,31.9,80,523,6.0,9
33,9/2/2023,31.7,52,456,6.6,31
8,8/11/2023,31.9,64,699,6.6,9
28,8/14/2023,30.1,79,601,6.5,12
11,8/11/2023,31.9,58,514,6.2,9
48,9/14/2023,29.1,54,605,6.5,43
37,8/9/2023,32.3,74,408,6.1,7
69,8/17/2023,20.6,53,592,6.3,15
25,8/6/2023,33.4,57,640,6.3,4
25,9/10/2023,31.1,78,608,6.3,39
29,8/25/2023,31.4,79,757,6.5,23
19,9/11/2023,31.2,53,503,6.4,40
